#NAME,S1,S10,S11,S12,S13,S14,S15,S16,S17,S18,S19,S2,S20,S21,S22,S23,S24,S25,S26,S27,S28,S29,S3,S30,S31,S32,S33,S34,S35,S36,S4,S5,S6,S7,S8,S9
Bacteria;Proteobacteria;Alphaproteobacteria;Caulobacterales;Caulobacteraceae;Brevundimonas,0,0,0,0,0,0,0,0,0,0,0,0,0,0,0,0,0,0,0,0,0,0,0,0,0,0,0,0,0,0,0,0,0,0,0,0
Bacteria;Actinobacteria;Coriobacteriia;Coriobacteriales;Coriobacteriales_Incertae_Sedis;NA,0,0,0,0,0,0,0,0,0,0,0,0,0,0,0,0,0,0,0,0,0,0,0,0,0,0,0,0,4,0,0,0,0,0,0,0
Bacteria;Firmicutes;Negativicutes;Selenomonadales;Veillonellaceae;Megasphaera,0,0,0,0,0,0,0,0,0,8,0,0,0,0,0,0,0,0,0,0,0,0,0,0,0,0,0,0,0,0,0,0,0,0,0,0
Bacteria;Firmicutes;Clostridia;Clostridiales;Lachnospiraceae;Fusicatenibacter,0,0,4,0,0,0,0,0,0,9,0,6,0,0,0,0,0,17,0,0,0,8,0,0,0,0,0,0,0,0,0,0,0,0,0,0
Bacteria;Firmicutes;Clostridia;Clostridiales;Ruminococcaceae;Fournierella,0,0,0,0,0,0,0,0,0,0,0,0,0,0,0,0,0,0,0,0,0,0,0,0,0,0,0,0,0,0,0,0,0,0,0,0
Bacteria;Proteobacteria;Gammaproteobacteria;NA;NA;NA,0,0,0,0,0,0,2,0,0,0,0,0,0,0,0,0,0,0,3,0,0,0,0,0,0,0,0,0,0,0,0,0,0,0,0,0
Bacteria;Cyanobacteria;Oxyphotobacteria;Chloroplast;NA;NA,3,0,4,0,0,6,6,0,0,16,0,5,0,0,0,0,0,0,0,0,0,0,0,0,0,0,0,0,0,0,0,7,15,0,0,5
Bacteria;Bacteroidetes;Bacteroidia;Bacteroidales;Dysgonomonadaceae;Dysgonomonas,0,0,0,0,0,0,0,0,0,0,0,0,0,0,0,0,0,0,3,0,0,0,0,0,0,0,0,0,0,0,0,0,0,0,0,0
Bacteria;Proteobacteria;Deltaproteobacteria;Desulfovibrionales;Desulfovibrionaceae;Desulfovibrio,0,0,0,0,0,0,0,0,0,0,0,0,0,0,0,0,5,0,0,0,0,0,0,0,0,0,0,0,0,0,0,0,0,0,0,0
Bacteria;Proteobacteria;Alphaproteobacteria;Rhizobiales;Beijerinckiaceae;Methylobacterium,16,2,10,0,0,0,3,104,0,34,6,0,0,0,0,0,12,0,0,3,4,0,17,0,0,0,0,7,3,4,0,0,0,2,0,0
Bacteria;Proteobacteria;Deltaproteobacteria;Deltaproteobacteria_Incertae_Sedis;Syntrophorhabdaceae;Syntrophorhabdus,0,0,0,0,0,0,0,0,0,0,0,0,0,0,0,0,0,0,0,0,0,0,0,0,0,0,0,0,0,0,0,0,0,0,0,0
Bacteria;Patescibacteria;WS6_(Dojkabacteria);NA;NA;NA,0,0,0,0,0,0,0,0,0,0,0,0,0,0,0,0,0,0,0,0,0,0,0,0,0,0,0,0,0,0,0,0,0,0,0,0
Bacteria;Patescibacteria;Parcubacteria;Candidatus_Yonathbacteria;NA;NA,0,0,0,0,3,0,0,0,0,0,0,0,0,0,0,0,0,0,0,0,0,0,0,0,0,0,0,0,0,0,0,0,0,0,0,0
Bacteria;Proteobacteria;Gammaproteobacteria;Pasteurellales;Pasteurellaceae;Muribacter,0,0,0,0,0,0,0,0,0,0,0,0,0,0,0,0,0,0,0,0,0,0,0,0,0,0,0,0,0,0,0,0,0,0,0,0
Bacteria;Actinobacteria;Actinobacteria;Micrococcales;Bogoriellaceae;Georgenia,0,0,0,0,0,0,0,0,0,0,0,0,0,0,0,0,0,0,0,0,0,0,0,0,0,0,0,0,0,0,0,0,0,0,0,0
Bacteria;Chloroflexi;Anaerolineae;Anaerolineales;Anaerolineaceae;Longilinea,0,0,0,0,0,0,0,0,0,0,0,0,0,0,0,0,0,0,0,0,0,0,0,0,0,0,0,0,0,0,0,0,0,0,0,0
Bacteria;Firmicutes;Erysipelotrichia;Erysipelotrichales;Erysipelotrichaceae;Catenibacterium,0,0,0,0,0,0,0,0,0,0,0,0,0,0,0,0,0,0,0,0,0,0,0,0,0,0,0,0,0,0,0,0,0,0,0,0
Bacteria;Bacteroidetes;Bacteroidia;Chitinophagales;Saprospiraceae;NA,0,0,0,0,0,0,0,0,0,0,0,0,0,0,0,0,0,0,0,0,0,0,0,0,0,0,0,0,0,0,0,0,0,0,0,0
Bacteria;Bacteroidetes;Bacteroidia;Bacteroidales;Bacteroidaceae;Bacteroides,175,76,1604,851,20,30,1024,98,4,1499,13,271,13,28,50,72,1003,19,806,118,29,127,27,6,37335,29037,36218,158,9,48,0,60,180,115,11,4
Bacteria;Firmicutes;Clostridia;Clostridiales;Clostridiaceae_1;Candidatus_Arthromitus,0,0,0,0,0,0,0,0,0,0,0,0,0,0,0,0,0,0,0,3,10,0,0,26,0,0,0,0,0,23,0,0,0,0,0,0
Bacteria;Firmicutes;Clostridia;Clostridiales;Clostridiales_vadinBB60_group;NA,2,17,142,23,870,630,170,10,139,129,0,2547,0,34,652,303,4,2254,1724,1005,603,380,5045,3,118,59,195,255,131,0,3990,4578,7793,1981,2241,2259
Bacteria;Patescibacteria;Saccharimonadia;Saccharimonadales;Saccharimonadaceae;Candidatus_Saccharimonas,0,0,0,0,0,0,0,0,0,0,0,0,0,0,0,0,0,0,0,0,0,0,0,0,0,0,0,0,0,0,0,0,0,0,0,0
Bacteria;Firmicutes;Bacilli;Lactobacillales;Lactobacillaceae;Lactobacillus,166,57,70,54,56,39,22,155,25,239,148,168,191,111,7,0,44,57,121,44,145,69,131,492,8,20,21,231,3,978,146,82,98,28,6,15
Bacteria;Patescibacteria;Parcubacteria;NA;NA;NA,0,3,0,0,0,0,0,0,0,0,0,0,0,0,0,0,0,0,0,0,0,0,0,0,0,0,0,0,0,0,0,0,0,0,0,0
Bacteria;Firmicutes;Clostridia;Clostridiales;Ruminococcaceae;Ruminococcaceae_UCG-002,0,0,0,0,0,0,0,0,0,7,0,0,0,0,0,0,0,0,0,0,0,0,0,0,0,0,0,0,0,0,0,0,0,0,0,0
Bacteria;Firmicutes;Erysipelotrichia;Erysipelotrichales;Erysipelotrichaceae;Holdemanella,0,0,0,0,0,0,0,0,0,0,0,0,0,0,4,0,0,0,0,0,0,0,0,0,0,0,0,0,0,0,0,0,0,0,0,0
Bacteria;Firmicutes;Clostridia;Clostridiales;Ruminococcaceae;Butyricicoccus,97,471,10,4,31,32,6,30,292,21,107,76,91,85,0,0,0,71,365,17,149,11,122,0,34,37,18,10,0,0,0,0,4,60,155,55
Bacteria;Proteobacteria;Gammaproteobacteria;Xanthomonadales;Xanthomonadaceae;Xanthomonas,0,0,0,0,0,0,0,0,0,0,0,0,0,0,0,0,0,0,0,0,0,0,0,0,0,0,0,0,0,0,0,0,9,0,0,0
Bacteria;Firmicutes;Clostridia;Clostridiales;Lachnospiraceae;Hungatella,0,0,0,0,0,0,0,0,0,0,0,0,0,0,0,0,0,0,0,0,0,0,0,0,0,0,0,0,0,0,0,0,0,0,0,0
Bacteria;Bacteroidetes;Bacteroidia;Sphingobacteriales;Sphingobacteriaceae;Pedobacter,0,0,0,0,0,0,0,0,0,3,0,0,0,0,0,0,0,0,0,0,0,0,0,0,0,0,0,0,0,0,0,0,0,0,0,0
Bacteria;Firmicutes;Clostridia;Clostridiales;Ruminococcaceae;Pseudoflavonifractor,0,0,0,0,0,0,0,0,0,0,0,0,0,0,0,0,0,0,0,0,0,0,0,0,0,0,0,0,0,0,0,0,0,0,0,3
Bacteria;Proteobacteria;Gammaproteobacteria;Enterobacteriales;Enterobacteriaceae;Escherichia/Shigella,51,20,0,0,0,0,0,0,0,9,16,0,0,0,0,0,0,0,0,0,0,7,0,0,0,0,0,0,0,0,0,0,0,0,0,0
Bacteria;Actinobacteria;Actinobacteria;Corynebacteriales;Corynebacteriaceae;Lawsonella,0,0,3,0,0,0,0,0,0,0,0,0,0,0,0,0,0,0,0,0,0,0,0,0,0,0,0,0,0,0,0,0,0,0,0,0
Bacteria;Bacteroidetes;Bacteroidia;Flavobacteriales;Weeksellaceae;Cloacibacterium,0,0,0,0,0,0,0,0,0,0,0,0,0,0,0,0,0,0,0,0,0,0,0,0,0,0,0,3,0,0,0,0,0,0,0,0
Bacteria;Firmicutes;Clostridia;Clostridiales;Christensenellaceae;Christensenellaceae_R-7_group,0,0,28,4,0,0,0,0,0,0,0,0,0,0,0,0,6,12,0,0,0,0,0,0,61,8,30,0,0,0,0,0,0,0,0,0
Bacteria;Firmicutes;Clostridia;Clostridiales;Lachnospiraceae;Lachnospiraceae_UCG-010,0,0,5,0,0,10,0,0,6,18,0,12,0,0,0,0,0,0,30,0,0,5,8,0,0,8,0,0,0,0,8,12,69,0,0,0
Bacteria;Proteobacteria;Gammaproteobacteria;Francisellales;Francisellaceae;Francisella,0,0,0,0,0,0,0,0,0,0,0,0,0,0,0,0,0,7,0,0,0,0,0,0,0,0,0,0,0,0,0,0,0,0,0,0
Bacteria;Firmicutes;Clostridia;Clostridiales;Lachnospiraceae;Marvinbryantia,0,0,0,0,0,0,0,0,0,0,0,0,0,0,0,0,0,0,0,19,0,5,0,0,0,0,14,5,0,0,0,0,11,0,0,0
Bacteria;Firmicutes;Clostridia;Clostridiales;Ruminococcaceae;Ruminococcaceae_UCG-009,0,0,5,9,14,13,0,0,0,0,0,69,8,0,0,0,5,20,83,9,0,0,88,0,10,0,12,12,11,0,32,54,73,8,0,66
Bacteria;Chloroflexi;Anaerolineae;NA;NA;NA,0,0,0,0,0,0,0,0,0,0,0,0,0,0,0,0,0,0,0,0,0,0,0,0,0,0,0,0,0,0,0,0,0,0,0,0
Bacteria;Verrucomicrobia;Verrucomicrobiae;Verrucomicrobiales;Akkermansiaceae;Akkermansia,46520,5206,4614,15924,5273,14045,1329,11939,51862,2926,28555,8150,43386,38776,20201,14612,12716,3662,1709,1028,2114,1195,7215,27598,499,2602,7966,39229,19373,44081,19296,7031,5670,6161,5124,5992
Bacteria;Firmicutes;Clostridia;Clostridiales;Ruminococcaceae;Phocea,0,0,0,0,0,0,0,0,0,0,0,0,0,0,0,0,0,0,0,0,0,0,0,0,0,0,0,0,0,0,0,0,0,0,0,0
Bacteria;Firmicutes;Negativicutes;Selenomonadales;Acidaminococcaceae;Acidaminococcus,0,10,0,0,0,0,0,0,0,0,0,0,0,0,0,0,0,0,0,0,0,0,0,0,0,0,0,0,4,0,0,0,0,0,0,0
Bacteria;Patescibacteria;Saccharimonadia;Saccharimonadales;NA;NA,0,0,0,0,0,0,0,2,0,0,0,0,0,0,0,0,0,0,0,0,0,0,0,0,0,0,0,0,0,0,0,0,0,0,0,0
Bacteria;Proteobacteria;Gammaproteobacteria;Enterobacteriales;Enterobacteriaceae;Atlantibacter,3,0,0,0,0,0,0,0,0,0,0,0,0,0,0,0,0,0,0,0,0,0,0,0,0,0,0,0,0,0,0,0,0,0,0,0
Bacteria;Proteobacteria;Alphaproteobacteria;Rhizobiales;Beijerinckiaceae;Psychroglaciecola,0,0,0,0,0,0,0,0,0,0,0,0,0,0,0,0,0,0,0,0,0,0,0,0,0,0,0,0,0,0,0,0,0,0,0,0
Bacteria;Firmicutes;Clostridia;Clostridiales;Lachnospiraceae;Coprococcus_3,0,0,0,8,0,0,0,0,0,0,0,0,0,0,0,0,0,0,5,0,0,0,0,0,0,0,0,0,0,0,0,0,0,0,0,0
Bacteria;Firmicutes;Clostridia;Clostridiales;Clostridiaceae_1;Clostridium_sensu_stricto_1,10,11,78,75,0,0,55,0,7,74,0,11,0,0,0,0,49,0,686,20,0,0,0,467,705,1152,226,72,130,669,5,8,6,12,0,0
Bacteria;Firmicutes;Erysipelotrichia;Erysipelotrichales;Erysipelotrichaceae;Turicibacter,0,105,158,16,20,4,7,1781,186,3038,0,0,0,0,326,132,21,6,178,19,24,9,11,32,23,16,74,156,21,64,0,0,6,20,8,7
Bacteria;Proteobacteria;Gammaproteobacteria;Betaproteobacteriales;Burkholderiaceae;Acidovorax,0,0,0,0,0,0,0,0,0,2,0,0,0,0,0,0,0,0,0,0,0,0,0,0,0,0,0,0,0,0,0,0,0,0,0,0
Bacteria;Firmicutes;Clostridia;Clostridiales;Lachnospiraceae;Howardella,0,0,0,0,0,0,0,0,0,0,0,0,0,0,0,0,0,0,0,0,0,0,0,0,0,0,0,0,0,0,0,0,0,0,0,0
Bacteria;Actinobacteria;Actinobacteria;Micrococcales;Intrasporangiaceae;Phycicoccus,0,0,0,0,0,0,0,0,0,0,0,0,0,0,0,0,0,0,0,0,0,0,0,0,0,0,0,0,0,0,0,0,0,0,0,0
Bacteria;Firmicutes;Erysipelotrichia;Erysipelotrichales;Erysipelotrichaceae;Erysipelatoclostridium,35,2,28,0,6,0,0,0,0,30,23,7,12,0,0,0,8,0,229,155,3,1172,19,67,9,184,54,0,0,97,0,14,18,0,4,0
Bacteria;Firmicutes;Clostridia;Clostridiales;Ruminococcaceae;Ruminococcus_1,7,0,0,0,4,135,13,0,0,23,0,37,0,0,0,0,3,10,32,88,251,8,152,3,117,36,158,283,45,7,156,10,132,0,0,0
Bacteria;Firmicutes;Clostridia;Clostridiales;Lachnospiraceae;Lachnospiraceae_NK4A136_group,2957,29544,2425,4295,9085,7575,660,1805,3610,1984,3456,22359,2706,5514,4744,3049,2292,1412,6364,1847,4451,2555,16147,55,823,492,489,1477,678,49,18941,19619,34606,25780,28007,35575
Bacteria;Bacteroidetes;Bacteroidia;Flavobacteriales;Flavobacteriaceae;Flavobacterium,0,0,0,0,0,0,0,0,0,0,0,0,0,0,0,0,0,0,0,0,0,0,3,0,0,0,0,0,0,0,0,0,0,0,0,0
Bacteria;Acidobacteria;Thermoanaerobaculia;Thermoanaerobaculales;Thermoanaerobaculaceae;Subgroup_10,0,0,0,0,0,0,0,0,0,0,0,0,0,0,0,0,0,0,0,0,0,0,0,0,0,0,0,0,0,0,0,0,0,0,0,0
Bacteria;Proteobacteria;Alphaproteobacteria;Sphingomonadales;Sphingomonadaceae;NA,0,0,0,0,0,0,0,0,0,0,0,0,0,0,0,0,0,0,0,0,0,0,0,0,0,0,0,0,0,4,0,0,0,0,0,0
Bacteria;Proteobacteria;Gammaproteobacteria;Enterobacteriales;Enterobacteriaceae;ATCC-39006,0,0,0,0,0,0,0,0,0,0,0,0,2,0,0,0,0,0,0,0,0,0,0,0,0,0,0,0,0,0,0,0,0,0,0,0
Bacteria;Bacteroidetes;Bacteroidia;Bacteroidales;Marinifilaceae;Odoribacter,0,0,0,0,0,0,0,0,0,0,0,0,0,0,0,0,0,0,0,0,0,0,0,0,0,0,0,0,0,0,0,0,0,0,0,0
Bacteria;Chloroflexi;Anaerolineae;Anaerolineales;Anaerolineaceae;Anaerolinea,0,7,0,0,0,0,0,0,0,0,0,0,0,0,0,0,0,0,0,0,0,0,0,0,0,0,0,0,0,0,0,0,0,0,0,0
Bacteria;Epsilonbacteraeota;Campylobacteria;Campylobacterales;Campylobacteraceae;Campylobacter,0,0,0,0,0,0,0,0,0,0,0,0,0,0,0,0,0,0,0,0,0,0,0,0,0,0,0,0,0,0,0,0,0,0,0,0
Bacteria;Proteobacteria;Alphaproteobacteria;Rhizobiales;Methyloligellaceae;NA,0,0,0,0,0,0,0,0,0,0,0,0,0,0,0,0,0,0,0,0,0,0,0,0,0,0,0,0,0,0,0,0,0,0,0,0
Bacteria;Cyanobacteria;Oxyphotobacteria;Leptolyngbyales;Leptolyngbyaceae;Leptolyngbya_PCC-6306,0,0,0,0,0,0,0,0,0,0,0,0,0,0,0,0,0,0,0,0,0,0,0,0,0,0,0,0,0,0,0,0,0,0,0,0
Bacteria;Firmicutes;Clostridia;Clostridiales;Lachnospiraceae;Tyzzerella,90,34,91,130,60,37,27,8,183,39,75,32,328,197,65,33,113,551,280,191,687,206,37,0,301,387,214,40,110,5,24,28,43,75,97,556
Bacteria;Tenericutes;Mollicutes;Izimaplasmatales;NA;NA,0,0,0,4,0,0,0,0,0,0,0,0,0,0,0,0,0,0,0,0,0,0,0,0,0,0,0,0,0,0,0,0,0,0,0,0
Bacteria;Firmicutes;Clostridia;Clostridiales;Peptococcaceae;Peptococcus,0,0,0,0,0,0,0,0,0,0,0,0,0,0,0,0,0,0,0,0,0,0,0,0,0,0,0,0,0,0,0,0,0,0,0,0
Bacteria;Firmicutes;Clostridia;Clostridiales;Lachnospiraceae;Anaerostipes,0,0,0,0,0,0,0,0,0,7,0,0,0,0,0,0,0,8,0,0,0,0,147,0,0,0,0,0,0,0,0,0,0,0,0,0
Bacteria;Actinobacteria;Thermoleophilia;Gaiellales;NA;NA,0,0,0,0,0,0,0,0,0,0,0,0,0,0,0,0,0,0,0,0,0,0,0,0,0,0,0,4,0,0,0,0,0,0,0,0
Bacteria;Patescibacteria;Parcubacteria;Candidatus_Nomurabacteria;NA;NA,0,0,0,0,0,0,0,0,0,0,0,0,0,0,0,0,0,0,0,0,0,0,0,0,0,0,0,0,0,0,0,0,0,0,0,0
Bacteria;Bacteroidetes;Ignavibacteria;SJA-28;NA;NA,0,0,0,0,0,0,0,0,0,0,0,0,0,0,0,0,0,0,0,0,0,0,0,0,0,0,0,0,0,0,0,0,0,0,0,0
Bacteria;Actinobacteria;Coriobacteriia;Coriobacteriales;Eggerthellaceae;Parvibacter,0,0,0,0,0,0,0,0,0,0,0,0,0,0,0,0,0,0,0,0,0,0,0,0,0,0,0,69,135,0,0,0,0,0,0,4
Bacteria;Firmicutes;Bacilli;Bacillales;Bacillaceae;Bacillus,0,4,0,0,6,0,0,0,0,250,11,0,0,12,0,0,0,0,0,0,0,0,0,0,0,0,0,10,0,0,7,0,0,0,0,0
Eukaryota;Euglenozoa;NA;NA;NA;NA,0,0,0,0,0,0,0,0,0,0,0,0,0,0,0,0,0,5,0,0,0,0,0,0,0,0,0,0,0,0,2,0,0,0,0,2
Bacteria;Firmicutes;Clostridia;Clostridiales;Clostridiaceae_1;Clostridium_sensu_stricto_18,0,0,0,0,0,0,0,0,0,0,0,0,0,0,0,0,0,0,0,0,0,0,0,0,0,0,0,0,0,0,0,0,0,0,0,0
Bacteria;Firmicutes;Clostridia;Clostridiales;Ruminococcaceae;Ruminococcaceae_UCG-010,0,12,8,21,5,4,0,0,0,6,0,16,0,0,2,0,0,74,11,88,193,13,47,0,9,0,14,13,5,0,39,21,14,0,5,0
Bacteria;Proteobacteria;Alphaproteobacteria;Sphingomonadales;Sphingomonadaceae;Sphingomonas,2,0,0,0,0,0,0,21,0,5,0,0,0,0,0,0,0,0,0,0,0,0,0,0,0,0,0,2,0,0,0,0,2,0,0,0
Bacteria;Firmicutes;Bacilli;NA;NA;NA,0,0,0,0,0,0,0,0,0,0,0,0,0,0,0,0,0,0,0,0,0,0,0,0,0,0,0,0,0,0,0,0,0,0,0,0
Bacteria;Proteobacteria;Deltaproteobacteria;Desulfobacterales;Desulfobulbaceae;NA,0,0,0,0,0,0,0,0,0,0,0,0,0,0,0,0,0,0,0,0,0,0,0,0,0,0,0,0,0,0,0,0,0,0,0,0
Bacteria;Firmicutes;Clostridia;Clostridiales;Lachnospiraceae;Lachnospiraceae_FCS020_group,0,0,0,0,58,27,0,73,0,30,0,66,3,0,0,0,0,0,88,74,29,46,56,0,0,0,0,21,18,0,41,7,58,0,0,0
Bacteria;Firmicutes;Erysipelotrichia;Erysipelotrichales;Erysipelotrichaceae;Merdibacter,0,0,10,0,0,0,0,0,0,0,0,0,0,0,0,0,0,0,0,0,0,0,0,0,0,0,0,0,0,0,0,0,0,0,0,0
Bacteria;Actinobacteria;Actinobacteria;Corynebacteriales;Mycobacteriaceae;Mycobacterium,0,0,0,0,0,0,0,0,0,0,0,0,0,0,0,0,0,0,0,0,0,0,0,0,0,0,0,0,0,0,0,0,0,0,0,0
Bacteria;Bacteroidetes;Bacteroidia;Bacteroidales;Marinifilaceae;Butyricimonas,0,0,0,0,0,0,0,0,0,0,0,0,0,0,0,0,0,0,0,0,0,0,0,0,0,0,0,0,0,0,0,0,0,0,0,0
Bacteria;Proteobacteria;Gammaproteobacteria;Betaproteobacteriales;Neisseriaceae;NA,0,0,0,0,0,0,0,0,0,0,0,0,0,0,0,0,0,0,0,0,0,0,0,0,0,0,0,0,0,0,0,0,0,0,0,0
Bacteria;Bacteroidetes;Bacteroidia;Bacteroidales;Porphyromonadaceae;NA,0,0,0,0,0,5,0,0,0,0,0,0,0,0,0,0,7,2,13,5,3,1,0,0,0,2,0,0,0,0,5,0,0,0,8,0
Bacteria;Firmicutes;Clostridia;Clostridiales;Lachnospiraceae;28-4,0,0,0,0,0,0,0,0,0,0,0,0,0,0,0,0,0,0,0,0,0,0,0,0,3,0,0,0,0,0,0,0,0,0,0,0
Bacteria;Firmicutes;Bacilli;Lactobacillales;Streptococcaceae;Streptococcus,0,0,0,9,0,3,0,2,5,9,0,7,0,0,0,0,10,0,0,0,0,2,0,0,0,0,0,4,0,0,3,0,5,7,0,5
Bacteria;Proteobacteria;Gammaproteobacteria;Aeromonadales;Succinivibrionaceae;Ruminobacter,0,0,0,0,0,0,0,0,0,0,0,0,0,0,0,0,0,0,0,0,0,0,0,0,0,0,0,0,0,0,0,0,0,0,0,0
Bacteria;Actinobacteria;Actinobacteria;Micrococcales;Intrasporangiaceae;Intrasporangium,0,0,0,0,0,0,0,0,0,0,0,0,0,0,0,0,0,0,0,0,0,0,0,0,0,0,0,0,0,0,0,0,0,0,0,0
Bacteria;Proteobacteria;Gammaproteobacteria;Betaproteobacteriales;Burkholderiaceae;Massilia,0,0,0,0,0,0,0,0,0,0,0,0,0,0,0,0,0,0,0,0,0,0,0,0,0,0,0,0,0,0,0,0,0,0,0,0
Bacteria;Proteobacteria;Gammaproteobacteria;Betaproteobacteriales;Burkholderiaceae;Paucibacter,0,6,0,0,0,0,0,0,0,0,0,0,0,0,0,0,0,0,0,0,0,0,0,0,0,0,0,0,0,0,0,0,0,0,0,0
Bacteria;Firmicutes;Clostridia;Clostridiales;Lachnospiraceae;Acetatifactor,0,6,7,13,23,21,0,106,5,103,0,75,0,0,0,0,9,70,436,255,113,35,390,0,0,0,0,43,456,0,523,245,1332,252,280,418
Bacteria;Firmicutes;Clostridia;Clostridiales;Peptostreptococcaceae;Intestinibacter,0,0,0,0,0,0,0,0,0,0,0,0,0,0,0,0,0,0,0,0,0,0,0,0,0,0,0,0,0,0,0,0,0,0,0,0
Bacteria;Kiritimatiellaeota;Kiritimatiellae;WCHB1-41;NA;NA,0,0,0,0,0,0,0,0,0,0,0,0,0,0,0,0,0,0,0,0,0,0,0,0,0,0,0,0,0,0,0,0,0,0,0,0
Bacteria;Proteobacteria;Gammaproteobacteria;Oceanospirillales;Halomonadaceae;Salinicola,0,0,0,0,0,0,0,0,0,0,0,0,0,0,0,0,0,0,0,0,0,0,0,0,0,0,0,0,0,0,0,0,0,0,0,0
Bacteria;Firmicutes;Clostridia;Clostridiales;Clostridiaceae_1;NA,0,0,0,0,0,0,0,0,0,0,0,0,0,0,0,0,0,0,2,0,0,0,0,0,0,0,0,0,0,0,0,0,0,0,0,0
Bacteria;Firmicutes;Clostridia;Clostridiales;Ruminococcaceae;Angelakisella,37,388,327,426,282,170,142,49,303,144,22,1061,214,165,49,63,282,1937,2942,1961,1447,4742,875,31,3091,3345,4361,2297,3953,28,1170,1139,3677,750,691,2940
Bacteria;Firmicutes;Clostridia;Clostridiales;Peptostreptococcaceae;Asaccharospora,0,0,0,0,10,0,0,0,0,0,0,0,0,0,0,0,0,0,0,0,0,0,0,0,0,0,0,0,0,0,0,0,0,0,0,0
Bacteria;Proteobacteria;Gammaproteobacteria;Betaproteobacteriales;Burkholderiaceae;Parasutterella,0,0,0,0,0,0,0,0,0,0,0,0,0,0,0,0,0,0,0,0,0,0,0,0,0,0,0,0,0,0,0,0,0,0,0,0
Bacteria;Actinobacteria;Actinobacteria;Micrococcales;Promicromonosporaceae;Cellulosimicrobium,0,0,0,0,0,0,0,0,0,0,0,0,0,0,0,0,0,0,0,0,0,0,0,0,0,0,0,0,0,0,0,0,0,0,0,0
Bacteria;Gemmatimonadetes;Gemmatimonadetes;Gemmatimonadales;Gemmatimonadaceae;Gemmatirosa,0,0,0,0,0,0,0,0,0,0,0,0,0,0,0,0,0,0,0,0,0,0,0,0,0,0,0,0,0,0,0,0,0,0,0,0
Bacteria;Acidobacteria;Blastocatellia_(Subgroup_4);Blastocatellales;Blastocatellaceae;JGI_0001001-H03,0,0,0,0,0,0,0,0,0,0,0,0,0,0,0,0,0,0,0,0,0,0,0,0,0,0,0,0,0,0,0,0,0,0,0,0
Bacteria;Actinobacteria;Coriobacteriia;Coriobacteriales;Eggerthellaceae;NA,0,0,0,0,0,0,0,4,0,0,0,9,0,0,0,0,0,0,10,0,25,0,0,0,0,2,0,0,0,0,10,0,20,0,0,0
Bacteria;Firmicutes;Clostridia;Clostridiales;Peptococcaceae;NA,51,55,19,54,56,24,10,21,210,27,37,70,30,69,44,28,55,56,98,44,38,23,86,0,245,145,184,29,63,0,80,158,118,219,173,387
Bacteria;Firmicutes;Clostridia;Clostridiales;Lachnospiraceae;Tyzzerella_3,0,0,0,0,0,0,0,0,0,0,0,31,0,0,0,0,3,0,103,0,0,0,15,0,0,0,0,0,0,0,0,55,0,0,0,20
Bacteria;Firmicutes;Clostridia;Clostridiales;Lachnospiraceae;Acetitomaculum,0,0,0,0,5,0,0,0,0,0,0,0,0,0,0,0,0,0,0,0,0,0,0,0,0,0,0,0,0,0,0,0,0,0,0,0
Bacteria;Actinobacteria;Actinobacteria;Micromonosporales;Micromonosporaceae;Micromonospora,0,0,0,0,0,0,0,0,0,0,0,0,0,0,0,0,0,0,0,0,0,0,0,0,0,0,0,0,0,0,0,0,0,0,4,0
Bacteria;Proteobacteria;Deltaproteobacteria;Desulfovibrionales;Desulfovibrionaceae;Bilophila,0,0,0,0,0,0,0,0,0,0,0,0,0,0,0,0,0,0,0,0,0,0,0,0,0,0,0,0,0,0,0,0,0,0,0,0
Bacteria;Proteobacteria;Gammaproteobacteria;Pasteurellales;Pasteurellaceae;Rodentibacter,0,0,0,0,0,0,0,0,0,0,0,0,0,0,0,0,0,0,0,0,0,0,0,0,0,0,0,0,0,0,0,0,0,0,0,0
Bacteria;Firmicutes;Clostridia;Clostridiales;Ruminococcaceae;DTU089,0,0,0,0,0,0,0,0,0,0,0,0,0,0,0,0,0,0,0,0,0,0,0,0,0,0,0,0,0,0,0,0,0,0,0,0
Bacteria;Proteobacteria;NA;NA;NA;NA,0,0,0,0,3,0,0,0,0,0,0,0,0,0,0,0,0,0,0,0,0,0,0,0,0,0,0,0,0,0,0,0,0,0,0,0
Bacteria;Acidobacteria;Subgroup_18;NA;NA;NA,0,0,0,0,0,0,0,0,0,0,0,0,0,0,0,0,0,0,0,0,0,0,0,0,0,0,0,0,0,0,0,0,0,0,0,0
Bacteria;Firmicutes;Clostridia;Clostridiales;Ruminococcaceae;Ruminiclostridium,102,711,229,231,1381,298,61,62,584,253,66,2958,69,613,97,66,159,1196,2593,793,1157,659,1940,12,348,737,480,469,373,29,1155,2265,7895,4348,4582,5545
Bacteria;Firmicutes;Bacilli;Bacillales;Bacillaceae;Anoxybacillus,0,0,0,0,0,0,0,0,0,0,0,0,0,0,0,0,0,0,0,0,0,0,0,0,0,0,0,0,0,0,0,0,0,0,0,0
Bacteria;Actinobacteria;Acidimicrobiia;IMCC26256;NA;NA,0,0,0,0,0,0,0,0,0,0,0,0,0,0,0,0,0,0,0,0,0,0,0,0,0,0,0,0,0,0,0,0,0,0,0,0
Bacteria;Firmicutes;Bacilli;Bacillales;Paenibacillaceae;Paenibacillus,0,0,0,0,0,0,0,0,0,0,0,0,0,0,0,0,0,0,0,0,0,0,0,29,0,0,0,0,0,75,0,0,0,0,0,0
Bacteria;Chloroflexi;Chloroflexia;Chloroflexales;Chloroflexaceae;FFCH7168,0,0,0,0,0,0,0,0,0,0,0,0,0,0,0,0,0,0,0,0,0,0,0,0,0,0,0,0,0,0,0,0,0,0,0,0
Bacteria;Patescibacteria;ABY1;Candidatus_Falkowbacteria;NA;NA,0,0,0,0,0,0,0,0,0,0,0,0,0,0,0,0,0,0,0,0,0,0,0,0,0,0,0,0,0,0,0,0,0,0,0,0
Bacteria;Firmicutes;Clostridia;Clostridiales;Lachnospiraceae;Anaerosporobacter,0,0,0,0,0,0,0,0,0,0,0,0,0,0,0,0,0,0,0,57,99,0,0,0,0,85,12,6,0,0,150,114,176,0,0,0
Bacteria;Firmicutes;Clostridia;Clostridiales;Lachnospiraceae;Lachnospiraceae_UCG-004,0,0,0,0,0,9,0,9,45,27,0,17,0,0,0,0,7,10,0,10,15,15,0,0,0,0,0,14,0,0,0,31,11,0,0,0
Bacteria;Tenericutes;Mollicutes;Mycoplasmatales;Mycoplasmataceae;Mycoplasma,0,0,0,0,0,0,3,0,0,0,0,0,0,0,0,0,0,0,0,0,0,0,0,0,0,0,0,0,0,0,0,0,0,0,0,0
Bacteria;Bacteroidetes;Bacteroidia;Bacteroidales;Bacteroidetes_vadinHA17;NA,0,0,0,0,0,0,0,0,0,0,0,0,0,0,0,0,0,0,0,0,0,0,0,0,0,0,0,0,0,0,0,0,0,0,0,0
Bacteria;Firmicutes;Clostridia;Clostridiales;Family_XI;Anaerococcus,0,0,0,0,0,0,0,0,0,0,0,0,0,0,0,0,0,0,0,0,0,0,0,0,0,0,0,0,0,0,0,0,0,0,0,0
Bacteria;Firmicutes;Clostridia;Clostridiales;Ruminococcaceae;Anaerotruncus,140,62,140,263,118,84,49,169,186,131,110,43,88,26,372,190,167,199,782,733,341,558,28,16,675,704,571,457,618,21,215,215,499,378,602,282
Bacteria;Firmicutes;Negativicutes;Selenomonadales;Veillonellaceae;Anaerovibrio,0,0,0,0,0,0,0,0,0,0,0,0,0,0,0,0,0,0,0,0,0,0,0,0,0,0,0,0,0,0,0,0,0,0,0,0
Bacteria;Firmicutes;Bacilli;Lactobacillales;NA;NA,0,0,0,0,0,0,0,0,0,0,0,0,0,0,0,0,0,0,0,0,0,0,0,0,0,0,0,0,0,0,0,0,0,0,0,0
Bacteria;Proteobacteria;Gammaproteobacteria;Betaproteobacteriales;Burkholderiaceae;Sutterella,0,0,0,0,0,0,0,0,0,0,0,4,0,0,0,0,0,0,0,0,0,0,0,0,0,0,0,0,0,0,0,0,0,0,0,0
Bacteria;Proteobacteria;Gammaproteobacteria;Pseudomonadales;Moraxellaceae;Acinetobacter,0,13,3,0,4,0,7,0,0,125,0,5,0,0,0,0,8,0,0,0,0,0,0,0,0,0,0,0,0,0,0,0,2,0,0,7
Bacteria;Proteobacteria;Gammaproteobacteria;Enterobacteriales;Enterobacteriaceae;Klebsiella,0,16,0,0,0,0,0,0,0,0,0,0,0,0,0,0,0,0,0,0,0,0,0,0,0,0,0,0,0,0,0,0,0,0,0,0
Bacteria;Firmicutes;Clostridia;Clostridiales;Family_XIII;Family_XIII_AD3011_group,0,0,13,15,0,0,10,0,0,5,0,17,0,0,0,0,0,0,10,21,0,0,6,0,94,66,12,9,4,0,0,5,11,0,4,0
Bacteria;Proteobacteria;Alphaproteobacteria;Sphingomonadales;Sphingomonadaceae;Sandaracinobacter,0,0,0,0,0,0,0,0,0,0,0,0,0,0,0,0,0,0,0,0,0,0,0,0,0,0,0,0,0,0,0,0,0,0,0,0
Bacteria;Firmicutes;Clostridia;Clostridiales;Ruminococcaceae;Ruminococcaceae_UCG-014,11,13,111,99,615,159,108,9,0,76,0,780,0,12,0,0,72,5,220,323,231,17,1637,0,123,200,64,5,6,12,750,676,2441,169,177,313
Bacteria;Firmicutes;Clostridia;Clostridiales;Peptostreptococcaceae;Terrisporobacter,0,0,0,0,0,0,0,0,12,13,0,0,0,0,0,0,0,0,0,0,0,0,0,312,77,0,0,467,528,455,0,0,0,0,0,0
Bacteria;Firmicutes;Clostridia;Clostridiales;Ruminococcaceae;Intestinimonas,410,915,234,309,932,323,119,182,273,246,316,2293,180,448,238,56,289,1660,5134,1428,2755,686,1919,27,161,837,648,1020,1582,9,2979,2770,3717,3213,3287,14947
Bacteria;Firmicutes;Clostridia;Clostridiales;Family_XI;Sedimentibacter,0,0,0,0,0,0,0,0,0,0,0,0,0,0,0,0,0,0,0,0,0,0,0,0,0,0,0,0,0,0,0,0,0,0,0,0
Bacteria;Firmicutes;Clostridia;Clostridiales;Lachnospiraceae;Eisenbergiella,0,0,0,0,0,0,0,0,0,0,0,0,0,0,0,0,0,0,0,0,0,0,0,0,0,0,0,0,0,0,0,0,0,0,0,0
Bacteria;Firmicutes;Clostridia;Clostridiales;Peptococcaceae;Cryptanaerobacter,0,0,0,0,0,0,0,0,0,0,0,0,0,0,0,0,0,0,0,0,0,0,0,0,0,0,0,0,0,0,0,0,0,0,0,0
Eukaryota;Euglenozoa;Euglenida;NA;NA;NA,0,0,0,0,0,0,0,0,0,0,0,0,0,0,0,0,0,0,0,0,0,0,0,0,0,0,0,0,0,0,0,0,0,0,0,0
Bacteria;Patescibacteria;Saccharimonadia;Saccharimonadales;Saccharimonadaceae;NA,0,0,0,0,0,0,0,0,0,0,0,0,0,0,0,0,0,0,0,0,0,0,0,0,0,0,0,0,0,0,0,0,0,0,0,0
Bacteria;Proteobacteria;Gammaproteobacteria;Xanthomonadales;Xanthomonadaceae;Pseudoxanthomonas,0,0,0,0,0,0,0,0,0,0,0,0,0,0,0,0,0,0,0,0,0,0,0,0,0,0,0,0,0,0,0,0,0,0,0,0
Bacteria;Firmicutes;Bacilli;Bacillales;Planococcaceae;NA,0,0,0,0,0,0,0,0,0,0,0,0,0,0,0,0,0,0,0,0,0,0,0,0,0,0,0,0,0,0,0,0,0,0,0,0
Bacteria;Firmicutes;Clostridia;Clostridiales;Family_XIII;Anaerovorax,0,0,0,3,0,0,0,0,0,0,0,18,0,0,0,0,0,31,11,0,0,0,0,0,15,4,12,0,0,0,0,0,0,10,15,15
Bacteria;Firmicutes;Negativicutes;Selenomonadales;Veillonellaceae;Pelosinus,0,0,0,0,0,0,0,0,0,0,0,0,0,0,0,0,0,0,0,0,0,0,0,0,0,0,0,0,0,0,0,0,0,0,0,0
Bacteria;Actinobacteria;Coriobacteriia;Coriobacteriales;Coriobacteriaceae;Collinsella,0,13,0,8,0,0,0,0,0,19,0,0,0,0,0,0,0,0,0,0,0,0,0,6,0,0,0,7,0,0,0,0,0,0,0,0
Bacteria;Firmicutes;Clostridia;Clostridiales;Lachnospiraceae;UC5-1-2E3,0,0,0,0,0,0,0,0,0,0,0,0,0,0,0,0,0,0,0,0,0,0,0,0,0,0,0,0,0,0,0,0,0,0,0,0
Bacteria;Actinobacteria;KIST-JJY010;NA;NA;NA,0,0,0,0,0,0,0,0,0,0,0,0,0,0,0,0,0,0,0,0,0,0,0,0,0,0,0,0,0,0,0,0,0,0,0,0
Bacteria;Firmicutes;Erysipelotrichia;Erysipelotrichales;Erysipelotrichaceae;Candidatus_Stoquefichus,9,0,47,27,0,0,23,7,178,66,0,9,0,0,3,0,33,15,11,73,0,102,6,18,155,291,346,166,22,40,3,6,28,0,0,0
Bacteria;Proteobacteria;Gammaproteobacteria;Betaproteobacteriales;Burkholderiaceae;NA,0,0,0,0,0,0,0,0,0,0,0,0,0,0,0,0,0,0,0,0,0,0,0,0,0,0,0,0,0,0,0,0,4,0,0,0
Bacteria;Firmicutes;Clostridia;Clostridiales;Lachnospiraceae;Agathobacter,0,0,0,0,0,0,0,0,0,56,0,0,0,0,0,0,0,9,0,0,0,0,0,0,0,0,0,0,0,0,0,0,0,0,0,0
Bacteria;Chloroflexi;Gitt-GS-136;NA;NA;NA,0,0,0,0,0,0,0,0,0,0,0,0,0,0,0,0,0,0,0,0,0,0,0,0,0,0,0,0,0,0,0,5,0,0,0,0
Bacteria;Proteobacteria;Gammaproteobacteria;Pseudomonadales;Pseudomonadaceae;Pseudomonas,31,169,180,88,84,57,64,52,36,469,44,58,10,17,32,8,72,174,34,19,62,96,113,80,10,49,3,147,76,51,89,51,79,55,37,24
Eukaryota;Euglenozoa;Kinetoplastea;Metakinetoplastina;Trypanosomatida;NA,0,0,0,0,0,0,0,0,0,0,0,0,0,0,0,0,0,0,0,0,0,0,0,0,0,0,0,0,0,0,0,0,0,0,0,0
Bacteria;Verrucomicrobia;Verrucomicrobiae;Opitutales;Opitutaceae;Lacunisphaera,0,0,0,0,0,0,0,0,0,0,0,0,0,0,0,0,0,0,0,0,0,0,0,0,0,0,0,0,0,0,0,0,0,0,0,0
Bacteria;Acidobacteria;Blastocatellia_(Subgroup_4);Pyrinomonadales;Pyrinomonadaceae;RB41,0,0,0,0,0,0,0,0,0,0,0,0,0,0,0,0,0,0,0,0,0,0,0,0,0,0,0,0,0,0,0,0,0,0,0,0
Bacteria;Firmicutes;Clostridia;Clostridiales;Lachnospiraceae;Roseburia,109,0,33,18,132,0,33,116,12,27,112,280,271,51,6,0,37,138,825,201,32,167,349,0,7,20,0,15,4,0,374,42,234,171,347,201
Bacteria;Bacteroidetes;Bacteroidia;Bacteroidales;NA;NA,3,0,3,0,0,0,0,0,0,0,4,0,3,0,0,0,0,0,0,0,0,0,0,0,4,0,0,0,0,0,0,5,0,4,0,0
Archaea;NA;NA;NA;NA;NA,0,0,6,0,0,0,0,0,0,0,0,0,0,0,0,0,0,0,0,0,0,0,0,0,0,0,0,0,0,0,0,0,0,0,0,0
Archaea;Euryarchaeota;Methanomicrobia;Methanosarcinales;Methanosaetaceae;Methanosaeta,0,0,0,0,0,0,0,0,0,0,0,0,0,0,0,0,0,0,0,0,0,0,0,0,0,0,0,0,0,0,0,0,0,0,0,0
Bacteria;Bacteroidetes;Bacteroidia;Bacteroidales;Muribaculaceae;CAG-873,0,0,0,0,0,0,0,0,0,0,0,0,0,0,0,0,0,0,2,0,0,0,0,0,3,0,6,0,0,0,0,0,0,0,0,0
Bacteria;Actinobacteria;Actinobacteria;Micrococcales;Micrococcaceae;Micrococcus,0,24,0,0,0,0,0,0,0,3,0,0,0,0,0,0,0,0,0,0,0,0,0,0,0,0,0,0,0,0,0,0,0,0,0,0
Bacteria;Planctomycetes;Planctomycetacia;Isosphaerales;Isosphaeraceae;NA,0,0,0,0,0,0,0,0,0,0,0,0,0,0,0,0,0,0,0,0,0,0,0,0,0,0,0,0,0,0,0,0,0,0,0,0
Bacteria;Cyanobacteria;Oxyphotobacteria;Nostocales;Oscillatoriaceae;Oscillatoria_PCC-10802,0,0,0,0,0,0,0,0,0,0,0,0,0,0,0,0,0,0,0,0,0,0,0,0,0,0,0,0,0,0,0,0,0,0,0,0
Bacteria;Actinobacteria;Actinobacteria;Micrococcales;Micrococcaceae;Rothia,0,0,0,0,0,0,0,0,0,15,0,0,0,0,0,0,0,0,0,0,0,0,0,0,0,0,0,0,0,0,0,0,0,0,0,0
Bacteria;Actinobacteria;Actinobacteria;Streptosporangiales;Thermomonosporaceae;Actinocorallia,0,0,0,0,0,0,0,0,0,0,0,0,0,0,0,0,0,0,0,0,0,0,0,0,0,0,0,0,0,0,0,0,0,0,0,0
Bacteria;Firmicutes;Clostridia;Clostridiales;Ruminococcaceae;GCA-900066225,5,0,67,174,19,0,9,0,8,31,11,14,39,14,61,29,166,187,321,206,343,364,33,6,258,66,0,88,79,0,49,61,113,213,248,302
Bacteria;Firmicutes;Erysipelotrichia;Erysipelotrichales;Erysipelotrichaceae;Faecalibaculum,0,0,0,0,0,0,0,0,0,0,0,0,0,0,0,0,0,0,0,0,0,0,0,0,0,0,0,0,0,0,0,0,0,0,0,0
Bacteria;Firmicutes;Clostridia;Clostridiales;Ruminococcaceae;Oscillibacter,940,1834,508,994,2135,1061,107,312,648,960,720,4529,761,1399,460,292,792,4160,6279,2034,2055,1557,2198,38,2559,2237,2357,1711,1607,44,4876,3460,4911,7023,7068,10297
Bacteria;Bacteroidetes;Bacteroidia;Sphingobacteriales;Sphingobacteriaceae;Sphingobacterium,0,0,0,0,0,0,0,0,0,2,0,0,0,0,0,0,0,0,0,0,0,0,0,0,0,0,0,0,0,0,0,0,0,0,0,0
Bacteria;Firmicutes;Clostridia;Clostridiales;Family_XII;Acidaminobacter,0,0,0,0,0,0,0,0,0,0,0,0,0,0,0,0,0,0,0,0,0,0,0,0,0,0,0,0,0,0,0,0,0,0,0,0
Bacteria;Fusobacteria;Fusobacteriia;Fusobacteriales;Fusobacteriaceae;Fusobacterium,0,0,0,0,0,0,0,0,0,0,0,0,0,0,0,0,0,0,0,0,0,0,0,0,0,0,0,0,0,0,0,0,0,0,0,0
Bacteria;Actinobacteria;Coriobacteriia;OPB41;NA;NA,0,0,0,0,0,0,0,0,0,0,0,0,0,0,0,0,0,0,0,0,0,0,0,0,0,0,0,0,0,0,0,0,0,0,0,0
Bacteria;Firmicutes;Clostridia;Clostridiales;Ruminococcaceae;Ruminococcaceae_UCG-013,0,0,0,32,245,196,8,0,0,0,0,8,0,0,0,0,7,10,0,9,6,0,4,0,0,0,0,21,12,0,24,40,165,3,7,0
Bacteria;Firmicutes;Clostridia;Clostridiales;Ruminococcaceae;Ruminococcaceae_UCG-003,0,0,0,0,0,0,0,0,0,0,0,0,0,0,0,0,0,0,0,4,0,0,0,0,0,0,0,0,0,0,0,0,0,0,0,0
Bacteria;Firmicutes;Clostridia;Clostridiales;Lachnospiraceae;Mobilitalea,0,0,0,0,0,0,0,0,0,0,0,0,0,0,0,0,0,0,0,0,0,0,0,0,0,0,0,0,0,0,0,0,0,0,0,0
Bacteria;Proteobacteria;Alphaproteobacteria;Sphingomonadales;Sphingomonadaceae;Rhizorhapis,0,0,0,0,0,0,0,0,0,0,0,0,0,0,0,0,0,0,0,0,0,0,0,0,0,0,0,0,0,0,0,0,0,0,0,0
Bacteria;Firmicutes;Bacilli;Lactobacillales;Enterococcaceae;Enterococcus,2,11,13,11,0,0,0,0,0,20,0,0,0,0,0,0,9,0,18,0,0,0,0,58,0,6,0,21,18,74,0,0,0,15,8,0
Bacteria;Firmicutes;Clostridia;Clostridiales;Lachnospiraceae;Butyrivibrio,0,0,0,0,0,0,0,0,0,0,0,0,0,0,0,0,0,0,0,0,0,0,0,0,0,0,0,0,0,0,0,0,0,0,0,0
Bacteria;Proteobacteria;Gammaproteobacteria;Betaproteobacteriales;Burkholderiaceae;Ralstonia,0,0,0,0,0,0,0,0,0,0,0,0,0,0,0,0,0,0,0,0,0,0,0,0,0,0,0,0,0,0,0,0,0,0,0,0
Bacteria;Proteobacteria;Alphaproteobacteria;Sphingomonadales;Sphingomonadaceae;Novosphingobium,0,0,0,0,0,0,0,0,0,0,0,0,0,0,0,0,0,0,0,0,0,0,0,0,0,0,0,0,0,0,0,0,0,0,0,0
Bacteria;Firmicutes;Clostridia;Clostridiales;Defluviitaleaceae;Defluviitaleaceae_UCG-011,0,0,0,0,0,0,0,0,0,0,0,0,0,0,0,0,0,0,0,0,0,0,0,0,0,0,0,0,0,0,0,0,0,0,0,0
Bacteria;Proteobacteria;Gammaproteobacteria;Betaproteobacteriales;Rhodocyclaceae;Thauera,0,0,0,0,0,0,0,0,0,0,0,0,0,0,0,0,0,0,0,0,0,0,0,0,0,0,0,0,0,0,0,0,0,0,0,0
Bacteria;Firmicutes;Clostridia;Clostridiales;Clostridiaceae_1;Clostridium_sensu_stricto_10,0,0,0,0,0,0,0,0,0,0,0,0,0,0,0,0,0,0,0,0,0,0,0,0,0,0,0,0,0,0,0,0,0,0,0,0
Bacteria;Firmicutes;Clostridia;Clostridiales;Lachnospiraceae;A2,21,145,32,61,15,19,0,81,78,24,28,222,26,62,34,0,41,37,527,449,267,116,102,3,0,29,35,25,182,0,736,68,1576,1679,1940,631
Bacteria;Proteobacteria;Gammaproteobacteria;Enterobacteriales;Enterobacteriaceae;Enterobacter,0,0,0,0,0,0,0,0,0,85,0,0,0,0,0,0,0,0,0,0,0,0,0,0,0,0,0,0,0,0,0,0,0,0,0,0
Bacteria;Deinococcus-Thermus;Deinococci;Deinococcales;Deinococcaceae;Deinococcus,0,0,0,0,0,0,0,0,0,0,0,0,0,0,0,0,0,0,0,0,0,0,0,0,0,0,0,0,0,0,0,0,0,0,0,0
Bacteria;Verrucomicrobia;Verrucomicrobiae;Chthoniobacterales;Chthoniobacteraceae;LD29,0,0,0,0,0,0,0,0,0,0,0,0,0,0,0,0,0,0,0,0,0,0,0,0,0,0,0,0,0,0,0,0,0,0,0,0
Bacteria;Proteobacteria;Gammaproteobacteria;Betaproteobacteriales;Burkholderiaceae;Comamonas,0,0,0,0,0,0,0,0,0,0,0,0,0,0,0,0,0,0,0,0,0,0,0,0,0,0,0,0,0,0,0,0,0,0,0,0
Bacteria;Proteobacteria;Deltaproteobacteria;Sva0485;NA;NA,0,0,0,0,0,0,0,0,0,0,0,0,0,0,0,0,0,0,0,0,0,0,0,0,0,0,0,5,0,0,0,0,0,0,0,0
Bacteria;Firmicutes;Clostridia;Clostridiales;Ruminococcaceae;UBA1819,0,0,0,0,0,0,0,0,0,0,0,0,0,0,0,0,0,0,0,0,0,0,0,0,0,0,0,0,0,0,0,0,0,0,0,0
Bacteria;Proteobacteria;Gammaproteobacteria;Betaproteobacteriales;Burkholderiaceae;Curvibacter,0,0,0,0,0,0,0,0,0,0,0,0,0,0,0,0,0,0,0,0,0,0,5,0,0,0,0,0,0,0,0,0,0,0,0,0
Bacteria;Chloroflexi;Chloroflexia;Chloroflexales;Roseiflexaceae;NA,0,0,0,0,0,0,0,0,0,0,0,0,0,0,0,0,0,0,0,0,0,0,0,0,0,0,0,0,0,0,0,0,0,0,0,0
Bacteria;Proteobacteria;Gammaproteobacteria;Betaproteobacteriales;Burkholderiaceae;Herbaspirillum,0,0,0,0,0,0,0,0,0,0,0,0,0,0,0,0,0,0,0,0,0,0,0,0,0,0,0,0,0,0,0,0,0,0,0,0
Bacteria;Bacteroidetes;Bacteroidia;Bacteroidales;Barnesiellaceae;Barnesiella,0,0,0,0,0,0,0,0,0,0,0,0,0,0,0,0,0,0,0,3,0,8,0,0,0,0,0,0,0,0,0,0,0,0,0,0
Bacteria;Proteobacteria;Gammaproteobacteria;Enterobacteriales;Enterobacteriaceae;NA,11,0,0,0,0,0,7,0,0,187,0,0,0,0,14,3,0,0,29,2,0,0,0,0,15,4,18,7,6,0,0,0,0,0,0,0
Bacteria;Bacteroidetes;Bacteroidia;Cytophagales;Cytophagaceae;Cytophaga,0,0,0,0,0,0,0,0,0,5,0,0,0,0,0,0,0,0,0,0,0,0,0,0,0,0,0,0,0,0,0,0,0,0,0,0
Bacteria;Firmicutes;Bacilli;Bacillales;Family_X;Thermicanus,0,0,0,0,0,0,0,0,0,0,0,0,0,0,0,0,0,0,0,0,0,0,0,0,0,0,0,0,0,0,0,0,0,0,0,0
Bacteria;Firmicutes;Bacilli;Bacillales;Bacillaceae;Fictibacillus,0,0,0,0,0,0,0,0,0,0,0,0,0,0,0,0,0,0,0,0,0,0,0,0,0,0,0,0,0,0,0,0,0,0,0,0
Bacteria;Proteobacteria;Alphaproteobacteria;Acetobacterales;Acetobacteraceae;NA,0,0,0,0,0,0,0,0,0,0,0,0,0,0,0,0,0,0,0,0,0,0,0,0,0,0,0,0,0,0,0,0,0,0,0,0
Bacteria;Proteobacteria;Alphaproteobacteria;Caulobacterales;Caulobacteraceae;PMMR1,0,0,0,0,0,3,0,0,0,0,0,0,0,0,0,0,0,0,0,0,0,0,0,0,0,0,0,0,0,0,0,0,0,0,0,0
Bacteria;Bacteroidetes;Bacteroidia;Bacteroidales;SB-5;NA,0,0,0,0,0,0,0,0,0,0,0,0,0,0,0,0,0,0,0,0,0,0,0,0,0,0,0,0,0,0,0,0,0,0,0,0
Bacteria;Chloroflexi;Anaerolineae;Anaerolineales;Anaerolineaceae;Pelolinea,0,0,0,0,0,0,0,0,0,0,0,0,0,0,0,0,0,0,0,0,0,0,0,0,0,0,0,0,0,0,0,0,0,0,0,0
Bacteria;Chloroflexi;Anaerolineae;SJA-15;NA;NA,0,0,0,0,0,0,0,0,0,0,0,0,0,0,0,0,0,0,0,0,0,0,0,0,0,0,0,0,0,0,0,0,0,0,0,0
Bacteria;Firmicutes;Clostridia;Clostridiales;Lachnospiraceae;Tyzzerella_4,0,0,0,0,0,0,0,0,0,0,0,0,0,0,0,0,0,0,0,0,0,0,0,0,0,0,0,0,0,0,0,0,0,0,0,0
Bacteria;Bacteroidetes;Bacteroidia;Bacteroidales;Barnesiellaceae;Coprobacter,0,0,0,0,0,0,0,0,0,0,0,0,0,0,0,0,0,0,0,0,0,0,0,0,0,0,0,0,0,0,0,0,0,0,0,0
Bacteria;Proteobacteria;Alphaproteobacteria;Acetobacterales;Acetobacteraceae;Roseomonas,0,0,0,0,0,0,0,0,0,7,0,0,0,0,0,0,0,0,0,0,0,0,0,0,0,0,0,0,0,0,0,0,0,0,0,0
Bacteria;Firmicutes;Bacilli;Lactobacillales;Leuconostocaceae;Weissella,0,0,0,0,0,0,0,0,0,0,0,0,0,0,0,0,0,0,0,0,0,0,0,5,0,0,0,0,0,0,0,0,0,0,0,0
Bacteria;Firmicutes;Clostridia;Clostridiales;Ruminococcaceae;Ruminiclostridium_1,0,0,0,0,0,0,0,0,0,0,0,0,0,0,0,0,0,0,2,0,0,0,0,0,0,0,0,0,0,0,0,0,0,0,0,0
Bacteria;Bacteroidetes;Bacteroidia;Bacteroidales;Prevotellaceae;Prevotella_2,0,0,4,0,24,0,0,0,0,0,0,0,0,0,0,0,0,0,0,0,0,0,13,0,0,0,0,0,0,0,7,0,0,0,0,0
Bacteria;Actinobacteria;Actinobacteria;Micrococcales;Microbacteriaceae;Agromyces,0,0,0,0,0,0,0,0,0,0,0,0,0,0,0,0,0,0,0,0,0,0,0,0,0,0,0,0,0,0,0,0,0,0,0,0
Bacteria;Verrucomicrobia;Verrucomicrobiae;Chthoniobacterales;Chthoniobacteraceae;Candidatus_Udaeobacter,0,0,0,0,0,2,0,0,0,0,0,0,0,0,0,0,0,0,0,0,0,0,0,0,0,0,0,0,0,0,0,0,0,0,0,0
Bacteria;Actinobacteria;Coriobacteriia;Coriobacteriales;Eggerthellaceae;Eggerthella,0,0,0,0,0,0,0,0,0,0,0,0,0,0,0,0,0,0,0,0,0,0,0,0,0,0,0,0,0,0,0,0,0,0,0,0
Bacteria;Actinobacteria;Actinobacteria;Streptomycetales;Streptomycetaceae;Streptomyces,0,0,0,0,0,0,0,0,0,0,0,0,0,0,0,0,0,0,0,0,0,0,0,0,0,0,0,0,0,0,0,0,0,0,0,0
Bacteria;Actinobacteria;Actinobacteria;Micrococcales;Brevibacteriaceae;Brevibacterium,0,0,0,0,0,0,0,0,0,0,0,0,0,0,0,0,0,0,0,0,0,0,0,0,0,0,0,0,0,0,0,0,0,0,0,0
Bacteria;Bacteroidetes;Bacteroidia;Bacteroidales;Prevotellaceae;Prevotellaceae_UCG-001,0,0,7,12,0,0,0,0,0,15,0,0,0,0,0,0,13,0,0,0,0,0,0,0,615,86,959,0,0,0,0,0,0,0,0,0
Bacteria;Acidobacteria;Subgroup_6;NA;NA;NA,0,0,0,0,0,0,0,0,0,0,0,0,0,0,0,0,0,0,0,0,0,0,0,0,0,0,0,0,0,0,0,0,0,0,0,0
Bacteria;Gemmatimonadetes;Gemmatimonadetes;Gemmatimonadales;Gemmatimonadaceae;NA,0,0,0,0,0,0,0,0,0,0,0,0,0,0,0,0,0,0,0,0,0,0,0,0,0,0,0,0,0,0,0,0,0,0,0,0
Bacteria;Firmicutes;Erysipelotrichia;Erysipelotrichales;Erysipelotrichaceae;Erysipelothrix,0,0,0,0,0,0,0,0,0,0,0,0,0,0,0,0,0,0,0,0,0,0,0,0,0,0,0,0,0,0,0,0,0,0,0,0
Bacteria;Actinobacteria;Thermoleophilia;Solirubrobacterales;67-14;NA,0,0,0,0,8,0,0,0,0,0,0,0,0,0,0,0,0,0,0,0,0,0,0,0,0,0,0,0,0,0,0,0,0,0,0,0
Bacteria;Firmicutes;Negativicutes;Selenomonadales;Acidaminococcaceae;Phascolarctobacterium,0,0,0,2,0,0,0,0,0,0,0,0,0,0,0,0,0,0,0,0,0,19,0,0,0,0,0,0,0,0,0,0,0,0,0,0
Bacteria;Bacteroidetes;Bacteroidia;NA;NA;NA,0,0,0,0,0,0,0,0,0,0,0,0,0,0,0,0,0,0,0,0,0,0,0,0,0,0,0,0,0,0,0,0,0,0,0,0
Bacteria;Bacteroidetes;Bacteroidia;Bacteroidales;Muribaculaceae;NA,76543,33325,33986,101621,41409,118631,6551,59800,75243,32001,62896,122283,74943,41020,33781,13907,87584,32431,40190,48693,63894,22622,145739,15099,27135,25481,30434,21131,14448,22678,157646,135255,90980,90781,89623,59762
Bacteria;Verrucomicrobia;Verrucomicrobiae;Verrucomicrobiales;Verrucomicrobiaceae;NA,0,0,0,0,0,0,0,0,0,0,0,0,0,0,0,0,0,0,0,0,0,0,0,0,0,0,0,0,0,0,0,0,3,0,0,0
Bacteria;Proteobacteria;Alphaproteobacteria;Rhodobacterales;Rhodobacteraceae;Paracoccus,0,0,0,0,0,0,0,0,0,0,0,0,0,0,0,0,0,0,0,0,0,0,0,0,0,0,0,0,0,0,0,0,0,0,0,0
Bacteria;Firmicutes;Clostridia;Clostridiales;Peptostreptococcaceae;Sporacetigenium,0,0,0,0,0,0,0,0,0,0,0,0,0,0,0,0,0,8,0,0,0,0,0,0,0,0,0,0,0,0,0,0,0,0,0,0
Bacteria;Firmicutes;Bacilli;Bacillales;Staphylococcaceae;Staphylococcus,8,0,17,0,0,0,3,0,0,40,0,0,0,0,0,0,0,0,0,3,0,0,10,13,0,0,0,0,11,14,0,0,36,0,0,0
Bacteria;Firmicutes;Clostridia;Clostridiales;Family_XIII;Family_XIII_UCG-001,0,0,0,0,0,0,0,0,0,0,0,0,0,0,0,0,0,0,0,0,0,0,0,0,0,0,0,0,0,0,0,0,0,0,0,0
Bacteria;Synergistetes;Synergistia;Synergistales;Synergistaceae;Cloacibacillus,0,0,0,0,0,0,0,0,0,0,0,0,0,0,0,0,0,0,0,0,0,0,0,0,0,0,0,0,0,0,0,0,0,0,0,0
Bacteria;Synergistetes;Synergistia;Synergistales;Synergistaceae;Syner-01,0,0,0,0,0,0,0,0,0,0,0,0,0,0,0,0,0,0,0,0,0,0,0,0,0,0,0,0,0,0,0,0,0,0,0,0
Bacteria;Actinobacteria;Actinobacteria;Frankiales;Cryptosporangiaceae;Fodinicola,0,0,0,0,0,0,0,0,0,0,0,0,0,0,0,0,0,0,0,0,0,0,0,0,0,0,0,0,0,0,0,0,0,0,0,0
Bacteria;Proteobacteria;Alphaproteobacteria;Rhizobiales;Rhizobiaceae;Phyllobacterium,6,40,34,7,25,7,9,12,5,20,7,12,0,0,0,0,11,27,14,7,7,18,3,13,0,13,0,21,18,13,9,13,0,0,9,0
Bacteria;Actinobacteria;Actinobacteria;Corynebacteriales;Corynebacteriaceae;Corynebacterium,0,0,0,0,0,0,0,0,0,0,0,0,0,0,0,0,0,0,0,0,0,0,0,0,0,0,0,0,0,0,0,0,0,0,0,0
Bacteria;Cyanobacteria;Melainabacteria;Obscuribacterales;NA;NA,0,0,0,0,0,0,0,0,0,0,0,0,0,0,0,0,0,0,0,0,0,0,0,0,0,0,0,0,0,0,0,0,0,0,0,0
Bacteria;Tenericutes;Mollicutes;Anaeroplasmatales;Anaeroplasmataceae;Anaeroplasma,0,0,0,0,72,148,50,0,0,7,0,2912,8,120,63,49,10,256,354,83,68,14,2539,0,0,0,0,591,35,0,1270,859,5337,2093,1901,3349
Bacteria;Bacteroidetes;Bacteroidia;Bacteroidales;Prevotellaceae;Alloprevotella,52,0,767,430,4,0,1008,47,5,567,6,103,24,11,35,53,510,9,352,74,15,63,11,0,23233,28467,24073,48,0,16,0,19,72,37,0,8
Bacteria;Actinobacteria;Actinobacteria;Micrococcales;Micrococcaceae;Arthrobacter,0,0,0,0,0,0,0,0,0,0,0,0,0,0,0,0,0,0,0,0,0,0,0,0,0,0,0,4,0,0,0,0,0,0,0,0
Bacteria;Firmicutes;Negativicutes;Selenomonadales;Veillonellaceae;Dialister,0,0,0,4,0,0,0,0,0,0,0,0,0,0,0,0,0,0,0,0,3,5,0,0,0,0,0,0,8,0,5,0,0,0,0,0
Bacteria;Bacteroidetes;Bacteroidia;Bacteroidales;Prolixibacteraceae;NA,0,0,0,0,0,0,0,0,0,0,0,0,0,0,0,0,0,0,0,0,0,0,0,0,0,0,0,0,0,0,0,0,0,0,0,0
Bacteria;NA;NA;NA;NA;NA,0,0,0,0,0,2,0,0,0,0,0,0,0,0,0,0,0,0,0,0,0,0,0,0,0,0,7,0,0,0,0,0,0,0,0,0
Bacteria;Bacteroidetes;Bacteroidia;Bacteroidales;Prevotellaceae;NA,0,0,0,0,0,0,0,0,0,0,0,0,0,0,0,0,0,0,0,0,0,0,0,0,0,0,0,0,0,0,0,0,0,0,0,0
Bacteria;Firmicutes;Clostridia;Clostridiales;Lachnospiraceae;ASF356,66,298,27,62,0,14,23,171,22,135,52,32,33,45,51,33,109,62,66,27,34,1010,32,10,49,171,13,14,52,0,66,324,693,39,42,9
Bacteria;Proteobacteria;Gammaproteobacteria;Pasteurellales;Pasteurellaceae;Haemophilus,0,0,0,0,0,0,0,0,0,0,0,0,0,0,0,0,0,0,0,0,0,0,0,0,0,0,0,0,0,0,0,0,0,0,0,0
Bacteria;Firmicutes;Clostridia;Clostridiales;Ruminococcaceae;Candidatus_Soleaferrea,51,58,24,650,8,10,0,8,14,0,68,64,146,153,259,155,206,6,49,76,64,52,19,0,20,17,33,9,13,0,80,53,164,2133,2040,996
Bacteria;Firmicutes;Clostridia;Clostridiales;Ruminococcaceae;Oscillospira,0,0,0,0,0,0,0,0,0,0,0,0,0,0,0,0,0,0,0,0,4,0,0,0,0,0,2,0,0,0,0,0,0,0,0,0
Bacteria;Firmicutes;Clostridia;Clostridiales;Clostridiaceae_1;Proteiniclasticum,0,0,0,0,0,0,0,0,0,0,0,0,0,0,0,0,0,0,0,0,0,0,0,0,0,0,0,0,0,0,0,0,0,0,0,0
Bacteria;Proteobacteria;Deltaproteobacteria;Syntrophobacterales;Syntrophaceae;Smithella,0,0,0,0,0,0,0,0,0,0,0,0,0,0,0,0,0,0,0,0,0,0,0,0,0,0,0,0,0,0,0,0,0,0,0,0
Bacteria;Firmicutes;Clostridia;Clostridiales;Lachnospiraceae;Blautia,5,12,11,6,0,0,0,0,6,59,0,0,0,8,0,0,0,7,0,0,0,25,0,0,0,0,0,0,0,0,15,0,0,0,0,0
Bacteria;Proteobacteria;Gammaproteobacteria;Enterobacteriales;Enterobacteriaceae;Serratia,0,0,0,0,0,0,0,0,0,0,0,0,0,0,0,0,0,0,0,0,0,0,0,33,0,0,0,0,0,48,0,0,0,0,0,0
Bacteria;Proteobacteria;Alphaproteobacteria;Rickettsiales;Mitochondria;NA,0,0,0,0,0,0,0,0,0,0,0,2,0,0,0,0,0,0,0,0,0,0,0,0,0,0,0,0,0,0,0,0,0,0,0,0
Bacteria;Chloroflexi;Anaerolineae;SBR1031;A4b;NA,0,0,5,0,0,0,0,0,0,0,0,0,0,0,0,0,0,0,0,0,0,0,0,0,0,0,0,0,0,0,0,3,0,0,0,0
Bacteria;Firmicutes;Clostridia;Clostridiales;Peptococcaceae;Dehalobacterium,0,0,0,0,0,0,0,0,0,0,0,0,0,0,0,0,0,0,0,0,0,0,0,0,0,0,0,0,0,0,0,0,0,0,0,0
Bacteria;Actinobacteria;Coriobacteriia;Coriobacteriales;Atopobiaceae;Olsenella,0,0,0,0,0,0,0,0,0,0,0,0,0,0,0,0,0,0,0,0,0,0,0,0,0,0,0,0,0,0,0,0,4,0,0,0
Bacteria;Proteobacteria;Alphaproteobacteria;Rhizobiales;Rhizobiaceae;Allorhizobium-Neorhizobium-Pararhizobium-Rhizobium,0,0,0,0,0,0,0,0,0,0,0,0,0,0,0,0,0,0,0,0,0,0,0,0,0,0,0,0,0,0,0,0,0,0,0,0
Bacteria;Proteobacteria;Alphaproteobacteria;Rhodobacterales;Rhodobacteraceae;Gemmobacter,0,0,0,0,0,0,0,0,0,0,0,0,0,0,0,0,0,0,0,0,0,0,0,0,0,0,0,0,0,0,0,0,0,0,0,0
Bacteria;Firmicutes;Clostridia;Clostridiales;Lachnospiraceae;CAG-56,0,0,0,0,0,0,0,0,0,0,0,0,0,0,0,0,0,0,0,0,0,0,0,0,0,0,0,0,0,0,0,0,0,0,0,0
Bacteria;Firmicutes;Clostridia;Clostridiales;Ruminococcaceae;NA,92,366,299,756,258,247,6,46,60,233,70,335,110,50,97,0,344,486,1821,1102,973,211,340,4,380,219,292,3634,3392,63,620,727,1611,770,818,808
Eukaryota;Euglenozoa;Euglenida;Aphagea;Aphagea_fa;Distigma,0,0,0,0,0,0,0,0,0,0,0,0,0,0,0,0,0,0,0,0,0,3,0,0,0,0,0,0,0,0,0,0,0,0,0,0
Bacteria;Actinobacteria;Actinobacteria;Corynebacteriales;Dietziaceae;Dietzia,0,6,0,0,0,0,0,0,0,0,0,0,0,0,0,0,0,0,0,0,0,0,0,0,0,0,0,0,0,0,0,0,0,0,0,0
Bacteria;Firmicutes;Clostridia;Clostridiales;Lachnospiraceae;Lachnospiraceae_ND3007_group,0,0,0,3,0,0,0,0,0,0,0,0,0,0,0,0,0,0,0,0,0,0,0,0,0,0,0,0,0,0,0,0,0,0,0,0
Bacteria;Firmicutes;Bacilli;Bacillales;Thermoactinomycetaceae;NA,0,0,0,0,0,0,0,0,0,0,0,0,0,0,0,0,0,0,0,0,0,0,0,0,0,0,0,5,0,0,0,0,0,0,0,0
Bacteria;Firmicutes;Clostridia;Clostridiales;Lachnospiraceae;Lactonifactor,0,0,0,0,0,0,0,0,0,0,0,0,0,0,0,0,0,0,0,0,0,0,0,0,0,0,0,0,0,0,0,0,0,0,0,0
Bacteria;Firmicutes;Clostridia;Clostridiales;Ruminococcaceae;Ruminiclostridium_5,27,414,114,185,137,64,14,79,53,93,34,5373,17,32,42,0,130,375,166,545,231,352,6218,42,118,145,109,339,248,78,10272,16127,10285,187,164,340
Bacteria;Firmicutes;Clostridia;Clostridiales;Lachnospiraceae;Lachnospiraceae_NK4B4_group,0,0,0,0,0,0,0,0,0,0,0,0,0,0,0,0,0,0,0,0,0,0,0,0,0,0,0,0,0,0,0,0,0,0,0,0
Eukaryota;Retaria;Foraminifera;Globothalamea;Rotaliida;Ammonia,0,0,0,0,0,0,0,0,0,0,0,0,0,0,0,0,0,0,0,0,0,0,0,0,0,0,0,0,3,0,0,0,0,0,0,0
Bacteria;Firmicutes;Negativicutes;Selenomonadales;Veillonellaceae;Negativicoccus,0,0,0,0,0,0,0,0,0,0,0,0,0,0,0,0,0,0,0,0,0,0,0,0,0,0,0,0,0,0,0,0,0,0,0,0
Bacteria;Firmicutes;Clostridia;Clostridiales;Ruminococcaceae;Ruminococcaceae_UCG-004,0,0,0,0,0,0,0,0,0,0,0,0,0,0,0,0,0,0,0,0,0,0,0,0,0,0,0,0,0,0,0,0,0,0,0,0
Bacteria;Firmicutes;Clostridia;Clostridiales;Lachnospiraceae;Lachnospiraceae_UCG-001,0,225,61,115,14,68,0,205,1207,134,0,528,0,0,19,16,81,30,4439,1476,328,352,832,0,0,20,12,4,81,0,616,422,1716,0,0,48
Bacteria;Actinobacteria;Actinobacteria;Micrococcales;Microbacteriaceae;Microbacterium,0,0,0,0,0,0,0,0,0,0,0,0,0,0,0,0,0,0,0,0,0,0,0,0,0,0,0,0,0,0,0,0,0,0,0,0
Bacteria;Proteobacteria;Alphaproteobacteria;Rhodospirillales;NA;NA,0,0,0,0,0,0,0,0,0,0,0,0,0,0,0,0,0,0,0,0,0,0,0,0,0,0,0,0,0,0,0,0,0,0,0,0
Bacteria;Firmicutes;Erysipelotrichia;Erysipelotrichales;Erysipelotrichaceae;NA,29,5,55,327,0,2,3,31,85,82,15,28,0,0,10,0,158,5,85,114,189,289,39,73,56,317,113,270,131,116,66,56,46,6,0,0
Bacteria;Firmicutes;Bacilli;Bacillales;Planococcaceae;Paenisporosarcina,0,0,0,0,0,0,0,0,0,0,0,0,0,0,0,0,0,0,0,0,0,0,0,0,0,0,0,0,0,0,0,0,0,0,0,0
Bacteria;Firmicutes;Clostridia;Clostridiales;Lachnospiraceae;Lachnospira,0,0,0,0,0,0,0,0,2,13,0,0,0,0,0,0,0,0,0,0,0,9,0,0,0,0,0,0,0,0,0,0,3,0,0,0
Eukaryota;Euglenozoa;Euglenida;Aphagea;Aphagea_fa;NA,0,0,0,0,0,0,0,0,0,0,0,0,0,0,0,0,0,0,0,0,0,0,0,0,0,0,0,0,0,0,0,0,0,0,0,0
Bacteria;Firmicutes;Bacilli;Bacillales;Bacillaceae;Geobacillus,0,0,0,0,0,0,0,0,0,0,0,0,0,0,0,0,0,0,0,0,0,0,0,0,0,0,0,0,0,0,0,0,0,0,0,0
Bacteria;Proteobacteria;Gammaproteobacteria;Enterobacteriales;Enterobacteriaceae;Citrobacter,84444,320,14715,8948,78628,34628,150725,110581,68653,110049,65367,1213,28326,50463,99742,53681,9343,69839,68922,58414,77484,57148,436,88592,82860,90774,76384,79421,85789,96209,273,472,1494,986,58,157
Bacteria;Planctomycetes;Planctomycetacia;Pirellulales;Pirellulaceae;NA,0,0,0,0,0,0,0,0,0,0,0,0,0,0,0,0,0,0,0,0,0,0,0,0,0,0,0,0,0,0,0,0,0,0,0,0
Bacteria;Firmicutes;Bacilli;Bacillales;Family_XI;Gemella,0,0,0,0,0,0,0,0,0,0,0,0,0,0,0,0,0,0,0,0,0,3,0,0,0,0,0,0,0,0,0,0,0,0,0,0
Bacteria;Proteobacteria;Gammaproteobacteria;Betaproteobacteriales;Burkholderiaceae;Burkholderia-Caballeronia-Paraburkholderia,0,4,0,0,0,0,0,2,0,0,0,0,0,0,0,0,4,0,0,4,0,0,0,0,0,0,0,0,0,2,0,0,0,0,0,4
Bacteria;Verrucomicrobia;Verrucomicrobiae;NA;NA;NA,0,0,0,0,0,0,0,0,0,0,0,0,0,0,0,0,0,0,0,0,0,0,0,0,0,0,0,0,0,0,0,0,0,0,0,0
Bacteria;Bacteroidetes;Bacteroidia;Bacteroidales;Prevotellaceae;Paraprevotella,0,0,0,0,0,0,0,0,0,0,0,0,0,0,0,0,0,0,0,0,0,0,0,0,0,0,0,0,0,0,0,0,0,0,0,0
Bacteria;Chloroflexi;Anaerolineae;ADurb.Bin180;NA;NA,0,0,0,0,0,0,0,0,0,0,0,0,0,0,0,0,0,0,0,0,0,0,0,0,0,0,0,0,0,0,0,0,0,0,0,0
Bacteria;Bacteroidetes;Bacteroidia;Bacteroidales;Tannerellaceae;Parabacteroides,4,8,0,0,0,0,0,3,0,11,0,0,0,3,0,0,0,0,0,0,0,0,5,0,0,0,0,3,0,0,0,3,6,0,4,0
Bacteria;Proteobacteria;Deltaproteobacteria;Bdellovibrionales;Bdellovibrionaceae;Bdellovibrio,0,0,0,0,0,0,0,0,0,0,0,0,0,0,0,0,0,0,0,0,0,0,0,0,0,0,0,0,0,0,0,0,0,0,0,0
Bacteria;Firmicutes;Clostridia;Clostridiales;Gracilibacteraceae;Gracilibacter,0,0,0,0,0,0,0,0,0,0,0,0,0,0,0,0,0,0,0,0,0,0,0,0,0,0,0,0,0,0,0,0,0,0,0,0
Bacteria;Bacteroidetes;Bacteroidia;Bacteroidales;Paludibacteraceae;NA,0,0,0,0,0,0,0,0,0,0,0,0,0,0,0,0,0,0,0,0,0,0,0,0,0,0,0,0,0,0,0,0,0,0,0,0
Bacteria;Actinobacteria;Actinobacteria;Micrococcales;Dermabacteraceae;Brachybacterium,0,5,0,0,0,0,0,0,0,0,0,0,0,0,0,0,0,0,0,0,0,0,0,0,0,0,0,0,0,0,0,0,0,0,0,0
Bacteria;Actinobacteria;Actinobacteria;Micrococcales;Micrococcaceae;Kocuria,0,0,0,0,0,0,0,0,3,0,0,0,0,0,0,0,0,0,0,0,0,0,0,0,0,0,0,0,0,0,0,0,0,0,0,0
Bacteria;Actinobacteria;Actinobacteria;Bifidobacteriales;Bifidobacteriaceae;Bifidobacterium,0,0,4,0,0,0,0,5,0,7,6,0,0,0,0,0,10,6,0,0,0,0,0,0,0,0,0,4,0,0,0,0,0,0,0,0
Bacteria;Proteobacteria;Alphaproteobacteria;Sphingomonadales;Sphingomonadaceae;Altererythrobacter,0,0,0,0,0,0,0,0,0,0,0,0,0,0,0,0,0,0,0,0,0,0,0,0,0,0,0,0,0,0,0,0,0,0,0,0
Bacteria;Firmicutes;Clostridia;Clostridiales;Lachnospiraceae;Lachnospiraceae_NC2004_group,0,0,0,0,0,0,2,0,0,0,0,0,0,0,0,0,0,0,0,0,0,0,0,0,0,0,0,0,0,0,0,0,0,9,10,3
Bacteria;Acidobacteria;Thermoanaerobaculia;Thermoanaerobaculales;Thermoanaerobaculaceae;Thermoanaerobaculum,0,0,0,0,0,0,0,0,0,0,0,0,0,0,0,0,0,0,0,0,0,0,0,0,0,0,0,0,0,0,0,0,0,0,0,0
Bacteria;Proteobacteria;Gammaproteobacteria;Betaproteobacteriales;Burkholderiaceae;Polynucleobacter,0,0,0,0,0,0,0,0,0,0,0,0,0,0,0,0,0,0,0,0,0,0,0,0,0,0,0,0,0,0,0,0,0,0,0,0
Bacteria;Bacteroidetes;Bacteroidia;Bacteroidales;Muribaculaceae;Muribaculum,6448,0,18,0,0,236,22,0,0,0,5181,0,6513,1809,0,0,8,0,0,0,0,0,0,0,431,751,381,0,0,0,0,4,0,0,0,0
Bacteria;Firmicutes;Clostridia;Clostridiales;Ruminococcaceae;Faecalibacterium,0,0,19,8,0,0,0,0,2,35,0,0,0,0,0,0,4,28,5,12,4,7,0,4,0,0,0,11,0,0,7,0,3,0,0,0
Bacteria;Spirochaetes;Spirochaetia;Spirochaetales;Spirochaetaceae;Treponema_2,0,0,0,0,0,0,0,0,0,0,0,0,0,0,0,0,0,0,0,0,0,0,0,0,0,0,0,0,0,0,0,0,0,0,0,0
Bacteria;Actinobacteria;Actinobacteria;Propionibacteriales;Propionibacteriaceae;Propioniciclava,0,0,0,0,0,0,0,0,0,0,0,0,0,0,0,0,0,0,0,0,0,0,0,0,0,0,0,0,0,0,0,0,0,0,0,0
Bacteria;Firmicutes;Negativicutes;Selenomonadales;Veillonellaceae;Veillonella,0,0,5,0,0,0,0,0,0,0,0,0,0,0,0,0,0,0,0,0,0,0,0,0,0,0,0,0,0,0,0,0,0,0,0,0
Bacteria;Actinobacteria;Actinobacteria;Propionibacteriales;Propionibacteriaceae;Cutibacterium,0,8,8,0,0,0,0,0,0,7,0,0,0,0,0,0,0,0,0,0,0,0,0,0,0,0,0,0,0,0,0,0,3,8,0,0
Bacteria;Firmicutes;Clostridia;Clostridiales;Lachnospiraceae;Herbinix,0,0,0,0,0,0,0,0,0,0,0,0,0,0,0,0,0,0,0,0,0,0,0,0,0,0,0,0,0,0,0,0,0,0,0,0
Bacteria;Bacteroidetes;Bacteroidia;Bacteroidales;Rikenellaceae;Rikenellaceae_RC9_gut_group,0,0,0,0,0,0,0,0,0,0,0,0,0,0,0,0,0,0,0,0,0,0,0,0,0,0,0,0,0,0,0,0,0,0,0,0
Bacteria;Firmicutes;Clostridia;Clostridiales;Lachnospiraceae;Dorea,0,0,15,0,0,0,0,0,0,12,0,0,0,0,0,0,0,10,0,0,0,0,0,0,0,0,0,0,0,0,0,0,0,0,0,0
Bacteria;Actinobacteria;WCHB1-81;NA;NA;NA,0,0,0,0,0,0,0,0,0,0,0,0,0,0,0,0,0,0,0,0,0,0,0,0,0,0,0,0,0,0,0,0,0,0,0,0
Bacteria;Firmicutes;Clostridia;Clostridiales;Ruminococcaceae;Ruminiclostridium_9,374,1227,599,1475,916,947,144,165,770,529,236,1823,417,549,251,119,1052,1446,5360,9958,4343,4579,2020,53,2439,2145,1476,2626,4324,38,2869,4208,3303,3254,3206,6205
Bacteria;Chloroflexi;KD4-96;NA;NA;NA,0,0,0,0,0,0,0,0,3,0,0,0,0,0,0,0,0,0,0,0,0,0,0,0,0,0,0,0,0,0,0,0,0,0,0,0
Bacteria;Actinobacteria;Actinobacteria;Propionibacteriales;Propionibacteriaceae;Tessaracoccus,0,0,0,0,0,0,0,0,0,0,0,0,0,0,0,0,0,0,0,0,0,0,0,0,0,0,0,0,0,0,0,0,0,0,0,0
Bacteria;Firmicutes;Clostridia;DTU014;NA;NA,0,0,0,0,0,0,0,0,0,0,0,0,0,0,0,0,0,9,0,0,0,0,0,0,0,0,0,0,0,0,0,0,0,0,0,0
Bacteria;Firmicutes;Clostridia;Clostridiales;Ruminococcaceae;Harryflintia,0,46,11,18,0,0,0,0,0,0,0,0,0,0,0,0,10,0,3,30,0,38,0,0,0,12,18,37,61,0,0,0,0,0,6,17
Bacteria;Bacteroidetes;Bacteroidia;Cytophagales;Spirosomaceae;Pseudarcicella,0,0,0,0,0,0,0,0,0,0,0,0,0,0,0,0,0,0,0,0,0,0,5,0,0,0,0,0,0,0,0,0,0,0,0,0
Bacteria;Proteobacteria;Gammaproteobacteria;Betaproteobacteriales;Burkholderiaceae;Tepidimonas,0,0,0,0,0,0,0,0,0,0,0,0,0,0,0,0,0,0,0,0,0,0,0,0,0,0,0,0,0,0,0,0,0,0,0,0
Bacteria;Firmicutes;Clostridia;Clostridiales;Clostridiaceae_1;Fonticella,0,0,0,0,0,0,0,0,0,0,0,0,0,0,0,0,0,0,0,0,0,0,0,0,0,0,0,0,0,0,0,0,0,0,0,0
Bacteria;Proteobacteria;Deltaproteobacteria;Myxococcales;Myxococcaceae;Myxococcus,0,0,0,0,0,0,0,0,0,0,0,0,0,0,0,0,0,0,0,0,0,0,0,0,0,0,0,0,0,0,0,0,0,0,0,0
Bacteria;Acidobacteria;Aminicenantia;Aminicenantales;NA;NA,0,0,0,0,0,0,0,0,0,3,0,0,0,0,0,0,0,0,0,0,0,0,0,0,0,0,0,0,0,0,0,0,0,0,0,0
Bacteria;Actinobacteria;Thermoleophilia;Gaiellales;Gaiellaceae;Gaiella,0,0,0,0,0,0,0,0,0,0,0,0,0,0,0,0,0,0,0,0,0,0,0,0,0,0,0,0,0,0,0,0,0,0,0,0
Bacteria;Actinobacteria;Coriobacteriia;Coriobacteriales;Eggerthellaceae;DNF00809,0,0,0,0,9,5,0,0,0,0,0,0,0,0,0,0,0,8,5,0,28,10,17,0,0,0,0,0,0,0,7,19,0,5,4,0
Bacteria;Chloroflexi;Dehalococcoidia;NA;NA;NA,0,0,0,0,0,0,0,0,0,0,0,0,0,0,0,0,0,0,0,0,0,0,0,0,0,0,0,0,0,0,0,0,0,0,0,0
Bacteria;Firmicutes;Bacilli;Bacillales;Bacillaceae;Aeribacillus,0,0,0,0,0,0,0,0,0,0,0,0,0,0,0,0,0,0,0,0,0,0,0,0,0,0,0,0,0,0,0,0,0,0,0,0
Bacteria;Firmicutes;Clostridia;Clostridiales;Lachnospiraceae;Cellulosilyticum,0,0,0,0,0,0,0,0,0,0,0,0,0,0,0,0,0,0,0,0,0,0,0,0,0,0,0,0,0,0,0,0,0,0,0,0
Bacteria;Firmicutes;Clostridia;Clostridiales;Lachnospiraceae;NA,2360,634,1523,5560,1078,1493,326,1591,464,1607,1957,3575,2707,3661,2901,1508,2721,2304,7500,8418,4979,4962,3316,184,4519,5301,4305,5397,8108,242,5709,6128,7371,8905,10672,16368
Bacteria;Firmicutes;Clostridia;Clostridiales;Family_XI;Finegoldia,0,0,0,0,0,0,0,0,0,0,0,0,0,0,0,0,0,0,0,0,0,0,0,0,0,0,0,0,0,0,0,0,0,0,0,0
Bacteria;Actinobacteria;Coriobacteriia;Coriobacteriales;Eggerthellaceae;Enterorhabdus,0,69,18,11,0,8,0,9,20,33,11,0,14,0,0,0,27,8,0,424,63,378,0,0,127,24,75,1031,857,12,31,13,19,0,14,0
Bacteria;Firmicutes;Clostridia;Clostridiales;Ruminococcaceae;Flavonifractor,0,0,0,0,7,0,0,0,0,0,0,0,0,0,0,0,0,0,141,0,0,0,0,0,0,0,0,0,0,0,13,0,8,5,0,20
Bacteria;Firmicutes;Clostridia;Clostridiales;Lachnospiraceae;Coprococcus_1,0,0,0,0,0,0,0,0,0,0,0,0,0,0,0,0,0,0,0,0,0,0,0,0,0,0,0,0,0,0,0,0,0,0,0,0
Bacteria;Patescibacteria;ABY1;Candidatus_Komeilibacteria;NA;NA,0,0,0,0,0,0,0,0,0,0,0,0,0,0,0,0,0,0,0,0,0,0,0,0,0,0,0,0,0,0,0,0,0,0,0,0
Bacteria;Patescibacteria;ABY1;Candidatus_Kerfeldbacteria;NA;NA,0,0,0,0,0,0,0,0,0,0,0,0,0,0,0,0,0,0,0,0,0,0,0,0,0,0,0,0,0,0,0,0,0,0,0,0
Bacteria;Firmicutes;Bacilli;Bacillales;Planococcaceae;Planomicrobium,0,0,0,0,0,0,0,0,0,0,0,0,0,0,0,0,0,0,0,0,0,0,0,0,0,0,0,0,0,0,0,0,0,0,0,0
Bacteria;Proteobacteria;Gammaproteobacteria;Aeromonadales;Succinivibrionaceae;Succinivibrio,0,0,0,0,0,0,0,0,0,0,0,0,0,0,0,0,0,0,0,0,0,0,0,0,0,0,0,0,0,0,0,0,0,0,0,0
Bacteria;Proteobacteria;Gammaproteobacteria;Steroidobacterales;Steroidobacteraceae;NA,0,0,0,0,0,0,0,0,0,0,0,0,0,0,0,0,0,0,0,0,0,0,0,0,0,0,0,0,0,0,0,0,0,0,0,0
Bacteria;Proteobacteria;Gammaproteobacteria;Oceanospirillales;Halomonadaceae;Halomonas,0,0,0,0,0,0,0,0,0,0,0,0,0,0,0,0,0,0,0,0,0,0,0,0,0,0,0,0,0,0,0,0,0,0,0,0
Bacteria;Firmicutes;Clostridia;Clostridiales;Ruminococcaceae;Ethanoligenens,0,0,0,0,0,0,0,0,0,0,0,0,0,0,0,0,0,0,0,0,0,0,0,0,0,0,0,0,0,0,0,0,0,0,0,0
Bacteria;Actinobacteria;Acidimicrobiia;Microtrichales;NA;NA,0,0,0,0,0,0,0,0,0,0,0,0,0,0,0,0,0,0,0,0,0,0,0,0,0,0,0,0,0,0,0,0,0,0,0,0
Bacteria;Firmicutes;Bacilli;Lactobacillales;Streptococcaceae;Lactococcus,12,84,40,46,0,0,0,0,0,44,0,8,31,0,4,0,45,2,3,0,0,0,0,0,8,5,0,56,0,0,0,0,3,6,11,6
Bacteria;Firmicutes;Clostridia;Clostridiales;Ruminococcaceae;Ruminococcus_2,4,0,13,0,0,0,0,0,0,0,7,0,0,0,0,0,0,0,0,0,0,0,13,0,0,5,0,0,8,0,0,0,7,0,0,3
Bacteria;Firmicutes;Bacilli;Bacillales;Planococcaceae;Kurthia,0,0,0,0,0,0,0,0,0,0,0,0,0,0,0,0,0,0,0,0,0,0,0,0,0,0,0,0,0,0,0,0,0,0,0,0
Bacteria;Firmicutes;Clostridia;Clostridiales;Christensenellaceae;NA,6,0,0,7,7,57,6,0,0,0,0,13,0,0,0,0,0,0,17,15,24,11,12,0,13,10,25,12,11,0,0,13,18,0,11,0
Bacteria;Firmicutes;Clostridia;Clostridiales;Lachnospiraceae;Coprococcus_2,0,0,0,7,5,0,0,0,0,0,0,0,0,0,0,0,0,0,0,0,0,0,0,0,0,0,0,8,0,0,0,0,0,0,0,0
Bacteria;Actinobacteria;Actinobacteria;Corynebacteriales;Corynebacteriaceae;Corynebacterium_1,3,6,4,0,0,0,0,0,0,45,0,0,0,0,0,0,0,0,0,0,0,0,0,0,0,6,0,0,0,0,0,0,17,31,0,0
Bacteria;Actinobacteria;Coriobacteriia;Coriobacteriales;Eggerthellaceae;Adlercreutzia,0,0,0,0,0,0,0,0,0,0,0,64,0,0,0,0,0,0,0,42,87,0,39,0,0,0,0,0,0,0,0,0,0,8,0,0
Bacteria;Firmicutes;Clostridia;Clostridiales;Peptostreptococcaceae;Paeniclostridium,0,0,0,0,0,0,0,0,0,0,0,0,0,0,0,0,0,0,164,0,0,0,0,0,0,0,0,0,0,0,0,0,0,0,0,0
Bacteria;Chlamydiae;Chlamydiae;Chlamydiales;Parachlamydiaceae;NA,0,0,0,0,0,0,0,0,0,0,0,0,0,0,0,0,0,0,0,0,0,0,0,0,0,0,0,0,0,0,0,0,0,0,0,0
Bacteria;Verrucomicrobia;Verrucomicrobiae;Pedosphaerales;Pedosphaeraceae;NA,0,0,0,0,0,0,0,0,0,0,0,0,0,0,0,0,0,0,0,0,0,0,0,3,0,0,0,0,0,0,0,0,0,0,0,0
Bacteria;Firmicutes;Erysipelotrichia;Erysipelotrichales;Erysipelotrichaceae;Holdemania,0,0,0,0,0,0,0,0,0,0,0,0,0,0,0,0,0,0,0,0,0,0,0,0,0,0,0,0,0,0,0,0,0,0,0,0
Bacteria;Firmicutes;Bacilli;Bacillales;Family_XII;Exiguobacterium,0,3,0,0,0,0,0,0,0,0,0,0,0,0,0,0,0,0,0,0,0,0,0,0,0,0,0,0,0,0,0,0,0,0,0,0
Bacteria;Firmicutes;Bacilli;Bacillales;Bacillaceae;Caldibacillus,0,0,0,0,0,0,0,0,0,0,0,0,0,0,0,0,0,0,0,0,0,0,0,0,0,0,0,0,0,0,0,0,0,0,0,0
Bacteria;Firmicutes;Clostridia;Clostridiales;Syntrophomonadaceae;Syntrophomonas,0,0,0,8,0,0,0,0,0,0,0,0,0,0,0,0,0,0,0,0,0,0,0,0,0,0,0,0,0,0,0,0,0,0,0,0
Bacteria;Actinobacteria;Actinobacteria;Kineosporiales;Kineosporiaceae;Quadrisphaera,0,0,0,0,0,0,0,0,0,0,0,0,0,0,0,0,0,0,0,0,0,0,0,0,0,0,0,0,0,0,0,0,0,0,0,0
Bacteria;Firmicutes;Clostridia;Clostridiales;Ruminococcaceae;Ruminococcaceae_NK4A214_group,12,207,50,266,8,11,0,0,0,0,0,45,25,7,6,0,136,16,4,9,42,9,73,0,10,29,8,0,0,0,99,62,35,160,171,215
Bacteria;Proteobacteria;Gammaproteobacteria;Xanthomonadales;Xanthomonadaceae;Stenotrophomonas,0,0,0,0,0,0,0,0,0,0,0,0,0,0,0,0,0,0,0,0,0,0,0,0,0,0,0,0,0,0,0,0,0,0,0,0
Bacteria;Firmicutes;Clostridia;Clostridiales;Ruminococcaceae;Papillibacter,0,0,0,0,0,0,0,0,0,0,0,0,0,0,0,0,0,0,0,0,0,0,0,0,0,0,0,0,0,0,0,0,0,0,0,0
Bacteria;Bacteroidetes;Bacteroidia;Bacteroidales;Prevotellaceae;Prevotellaceae_NK3B31_group,10,0,44,27,0,0,10,0,0,36,0,13,0,0,0,0,17,0,19,3,0,0,0,0,1456,205,2458,4,0,0,5,5,0,0,0,0
Bacteria;Firmicutes;Clostridia;Clostridiales;Christensenellaceae;Catabacter,0,0,0,0,0,0,0,0,0,0,0,0,0,0,0,0,0,0,0,0,0,0,0,0,0,0,0,0,0,0,0,0,0,0,0,0
Bacteria;Firmicutes;Erysipelotrichia;Erysipelotrichales;Erysipelotrichaceae;Faecalitalea,0,0,0,0,0,0,0,0,0,0,0,0,0,0,0,0,0,0,0,0,0,0,0,0,0,0,0,0,9,0,0,0,0,0,0,0
Bacteria;Actinobacteria;Acidimicrobiia;Microtrichales;Iamiaceae;Iamia,0,0,0,0,0,0,0,0,0,0,0,0,0,0,0,0,0,0,0,0,0,0,0,0,0,0,0,0,0,0,0,0,0,0,0,0
Bacteria;Proteobacteria;Alphaproteobacteria;Rhizobiales;Rhizobiaceae;Mesorhizobium,0,0,0,0,0,0,0,0,0,0,0,0,0,0,0,0,0,0,0,0,0,0,0,0,0,0,0,0,0,0,0,0,0,0,0,0
Bacteria;Firmicutes;Clostridia;Clostridiales;Lachnospiraceae;Lachnospiraceae_UCG-006,0,25,13,19,12,0,0,0,0,13,0,51,0,0,0,0,0,0,60,7,46,0,68,0,0,0,0,18,6,0,0,8,0,27,14,0
Bacteria;Firmicutes;Erysipelotrichia;Erysipelotrichales;Erysipelotrichaceae;Dubosiella,21,58,57,5,22,16,10,15,11,4,10,30,0,0,0,0,0,13,6,0,6,19,19,13,0,0,0,0,0,3,24,3,13,0,8,0
Bacteria;Firmicutes;Clostridia;Clostridiales;Lachnospiraceae;Lachnospiraceae_NK3A20_group,0,0,0,0,0,0,0,0,0,0,0,0,0,0,0,0,0,0,0,0,0,0,0,0,0,0,0,0,0,0,0,0,0,0,0,0
Bacteria;Proteobacteria;Alphaproteobacteria;Acetobacterales;Acetobacteraceae;Acetobacter,0,0,0,0,0,0,0,0,0,0,0,0,0,0,0,0,0,0,0,0,0,0,0,0,0,0,0,0,0,0,0,0,0,0,0,0
Bacteria;Proteobacteria;Deltaproteobacteria;Bdellovibrionales;Bacteriovoracaceae;Peredibacter,0,0,0,0,0,0,0,0,0,0,0,0,0,0,0,0,0,0,0,0,0,0,0,0,0,0,0,0,0,0,0,0,0,0,0,0
Bacteria;Firmicutes;Clostridia;Clostridiales;Peptostreptococcaceae;Romboutsia,37,0,46,30,0,0,3,235,243,2133,5,14,0,0,5,0,28,0,1251,25,0,8,0,0,0,12,0,38,42,0,0,0,27,14,0,0
Bacteria;Chloroflexi;Chloroflexia;Thermomicrobiales;JG30-KF-CM45;NA,0,0,0,0,0,0,0,0,0,0,0,0,0,0,0,0,0,0,0,0,0,0,0,0,0,0,0,0,0,0,0,0,0,0,0,0
Bacteria;Firmicutes;Clostridia;Clostridiales;Family_XIII;NA,5,64,62,47,0,12,25,28,0,74,6,35,5,4,0,2,52,70,143,386,245,90,73,12,245,316,245,948,494,10,32,22,94,27,14,8
Bacteria;Firmicutes;Clostridia;Clostridiales;Ruminococcaceae;Acetanaerobacterium,0,0,0,0,0,0,0,0,0,0,0,0,0,0,0,0,0,0,0,0,0,0,0,0,0,0,0,0,0,0,0,0,0,0,0,0
Bacteria;Firmicutes;Negativicutes;Selenomonadales;Veillonellaceae;NA,0,0,0,0,0,0,0,0,0,0,0,0,0,0,0,0,0,0,0,0,0,0,0,0,0,0,0,0,0,0,0,0,0,0,0,0
Bacteria;Bacteroidetes;Bacteroidia;Flavobacteriales;Crocinitomicaceae;Fluviicola,0,0,0,0,0,0,0,0,0,0,0,0,0,0,0,0,0,0,0,0,0,0,0,0,0,0,0,0,0,0,0,0,0,0,0,0
Bacteria;Deferribacteres;Deferribacteres;Deferribacterales;Deferribacteraceae;Mucispirillum,0,0,0,0,0,0,0,0,0,0,0,0,0,0,0,0,0,0,0,0,0,0,0,0,0,0,0,0,0,0,0,0,0,0,0,0
Bacteria;Firmicutes;Bacilli;Bacillales;Bacillaceae;NA,0,0,0,0,0,0,0,0,0,0,0,0,0,0,0,0,0,0,0,0,0,0,0,0,0,0,0,0,0,0,0,0,0,0,0,0
Bacteria;Chloroflexi;JG30-KF-CM66;NA;NA;NA,0,0,0,0,0,0,0,0,0,0,0,0,0,0,0,0,0,0,0,0,0,0,0,0,0,0,0,0,0,0,0,0,0,0,0,0
Bacteria;Firmicutes;Clostridia;Clostridiales;Lachnospiraceae;Parasporobacterium,0,0,0,0,0,0,0,0,0,0,0,0,0,0,0,0,0,0,0,0,0,0,0,0,0,0,0,0,0,0,0,0,0,0,0,0
Bacteria;Epsilonbacteraeota;Campylobacteria;Campylobacterales;Arcobacteraceae;Arcobacter,0,0,0,0,0,0,0,0,0,0,0,0,0,0,0,0,0,0,0,0,0,0,0,0,0,0,0,0,0,0,0,0,0,0,0,0
Bacteria;Firmicutes;Clostridia;Clostridiales;Lachnospiraceae;GCA-900066575,0,8,19,6,79,22,7,17,20,0,0,141,0,29,0,0,31,21,11,464,222,121,100,0,16,25,23,333,402,0,380,116,215,93,86,0
Bacteria;Firmicutes;Clostridia;Clostridiales;Peptostreptococcaceae;Paraclostridium,0,0,0,0,0,0,0,0,0,0,0,0,0,0,0,0,0,4,806,0,7,0,0,0,27,0,0,0,0,0,0,0,0,0,0,0
Bacteria;Proteobacteria;Gammaproteobacteria;Betaproteobacteriales;Burkholderiaceae;Hydrogenophaga,0,0,0,0,0,0,0,0,0,0,0,0,0,0,0,0,0,0,0,0,0,0,0,0,0,0,0,0,0,0,0,0,0,0,0,0
Bacteria;Actinobacteria;Acidimicrobiia;Microtrichales;Ilumatobacteraceae;Ilumatobacter,0,0,0,0,0,0,0,0,0,0,0,0,0,0,0,0,0,0,0,0,0,0,0,0,0,3,0,0,0,0,0,0,0,0,0,0
Bacteria;Firmicutes;Erysipelotrichia;Erysipelotrichales;Erysipelotrichaceae;Erysipelotrichaceae_UCG-003,0,0,0,0,0,0,0,0,0,0,0,0,0,0,0,0,0,0,0,0,0,0,0,0,0,0,0,0,0,0,0,0,0,0,0,0
Bacteria;Firmicutes;Clostridia;Clostridiales;Lachnospiraceae;Lachnoclostridium,393,463,238,827,113,210,21,339,243,346,299,489,247,236,602,348,655,258,1164,1408,415,1053,464,15,805,336,583,547,456,14,651,350,1028,392,492,827
Bacteria;Proteobacteria;Alphaproteobacteria;Rhizobiales;Hyphomicrobiaceae;Hyphomicrobium,0,0,0,0,0,0,0,0,0,0,0,0,0,0,0,0,0,0,0,0,0,0,0,0,0,0,0,0,0,0,0,0,0,0,0,0
Bacteria;Actinobacteria;Actinobacteria;Micrococcales;Microbacteriaceae;Rhodoluna,0,0,0,0,0,0,0,0,0,0,0,0,0,0,0,0,0,0,0,0,0,0,0,0,0,0,0,0,0,0,0,0,0,0,0,0
Bacteria;Proteobacteria;Gammaproteobacteria;Betaproteobacteriales;Burkholderiaceae;Undibacterium,0,0,0,0,0,0,0,0,0,0,0,0,0,0,0,0,0,0,0,0,0,0,0,0,0,0,0,0,0,0,0,0,0,0,0,0
Bacteria;Proteobacteria;Gammaproteobacteria;Pseudomonadales;Moraxellaceae;Enhydrobacter,0,0,0,0,0,0,0,0,0,0,0,0,0,0,0,0,0,0,0,0,0,0,0,0,0,0,0,0,4,0,0,0,0,0,0,0
Bacteria;Actinobacteria;Coriobacteriia;Coriobacteriales;Atopobiaceae;Coriobacteriaceae_UCG-002,0,0,0,0,0,0,0,0,0,0,0,0,0,0,0,0,0,0,0,0,0,0,0,0,0,0,0,50,0,0,0,0,0,0,0,0
Bacteria;Bacteroidetes;Bacteroidia;Bacteroidales;Prevotellaceae;Prevotella_9,0,12,0,4,8,0,0,0,6,8,0,0,0,0,0,0,0,7,0,6,0,0,0,0,0,0,0,0,0,0,0,0,0,4,0,0
Bacteria;Proteobacteria;Gammaproteobacteria;Betaproteobacteriales;Burkholderiaceae;Janthinobacterium,28,157,101,52,108,14,36,38,15,87,17,57,20,0,12,4,89,110,0,23,29,65,80,44,0,23,0,104,69,32,60,37,38,21,40,9
Bacteria;Firmicutes;Bacilli;Bacillales;Bacillaceae;Anaerobacillus,0,6,18,12,0,7,0,0,0,0,0,0,0,0,0,0,0,11,0,5,0,2,6,15,0,0,0,0,0,0,0,0,9,0,0,0
Bacteria;Acidobacteria;Acidobacteriia;Solibacterales;Solibacteraceae_(Subgroup_3);Bryobacter,0,0,0,0,0,0,0,0,0,0,0,0,0,0,0,0,0,0,0,0,0,0,0,0,0,0,0,0,0,0,0,0,0,0,0,0
Bacteria;Chloroflexi;Anaerolineae;RBG-13-54-9;NA;NA,0,0,0,0,0,0,0,0,0,0,0,0,0,0,0,0,0,0,0,0,0,0,0,0,0,0,0,0,0,0,0,0,0,0,0,0
Bacteria;Proteobacteria;Gammaproteobacteria;Enterobacteriales;Enterobacteriaceae;Pluralibacter,17,0,4,0,18,11,38,24,9,33,10,0,3,19,28,10,0,16,12,12,16,6,0,14,21,22,19,14,13,13,0,0,0,0,0,0
Bacteria;Firmicutes;Clostridia;Clostridiales;Eubacteriaceae;Anaerofustis,0,0,0,0,0,0,0,0,0,0,0,0,0,0,0,0,0,0,0,0,0,0,0,0,0,0,0,0,0,0,0,0,0,0,0,0
Bacteria;Firmicutes;Clostridia;Clostridiales;Ruminococcaceae;Pygmaiobacter,0,0,0,0,0,0,0,0,0,0,0,0,0,0,0,0,0,0,0,0,0,0,0,0,0,0,0,0,0,0,0,0,0,0,0,0
Bacteria;Tenericutes;Mollicutes;Mollicutes_RF39;NA;NA,0,18,0,7,210,5,25,0,0,0,0,72,0,3,0,0,6,4,14,38,86,23,111,0,0,0,0,102,23,0,291,65,335,39,36,39
Bacteria;Proteobacteria;Gammaproteobacteria;Betaproteobacteriales;Neisseriaceae;Neisseria,0,0,0,0,0,0,0,0,0,0,0,0,0,0,0,0,0,0,0,0,0,0,0,0,0,0,0,0,0,0,0,3,0,0,0,0
Bacteria;Actinobacteria;Actinobacteria;Corynebacteriales;Nocardiaceae;Rhodococcus,0,0,0,0,0,0,0,0,0,0,0,0,0,0,0,0,0,0,0,0,0,0,0,0,0,0,0,0,0,0,0,0,0,0,0,0
Bacteria;Actinobacteria;Acidimicrobiia;NA;NA;NA,0,0,0,0,0,0,0,0,0,0,0,0,0,0,0,0,0,0,0,0,0,0,0,0,0,0,0,0,0,0,0,0,0,0,0,0
Bacteria;Firmicutes;Clostridia;Clostridiales;Ruminococcaceae;Ruminiclostridium_6,0,0,0,0,57,18,10,0,0,24,0,83,0,0,0,0,0,63,0,145,105,12,108,0,0,0,0,312,28,0,724,208,200,0,0,110
Bacteria;Firmicutes;Clostridia;Clostridiales;Ruminococcaceae;Anaerofilum,0,0,0,0,0,0,0,0,0,0,0,0,0,0,0,0,0,0,0,0,0,0,0,0,0,0,0,0,0,0,0,0,0,0,0,0
Bacteria;Chloroflexi;Anaerolineae;SBR1031;NA;NA,0,0,0,0,3,0,0,0,0,0,0,0,0,0,0,0,0,0,0,0,0,0,0,0,0,0,0,0,0,0,0,0,0,0,0,0
Bacteria;Bacteroidetes;Bacteroidia;Flavobacteriales;Weeksellaceae;Chryseobacterium,0,0,0,0,0,0,0,0,0,9,0,0,0,0,0,0,0,0,0,0,0,0,0,0,0,0,0,0,0,0,0,0,5,0,0,0
Bacteria;Bacteroidetes;Bacteroidia;Bacteroidales;Rikenellaceae;Alistipes,0,6,24,0,0,0,0,0,0,4,0,0,0,0,0,0,0,0,0,0,0,0,0,0,0,0,0,3,0,0,0,0,4,0,0,0
Bacteria;Chloroflexi;Anaerolineae;Anaerolineales;Anaerolineaceae;NA,0,0,0,0,0,0,0,0,0,0,0,0,0,0,0,0,0,0,0,0,2,0,0,0,0,0,0,0,0,0,0,0,0,0,0,0
Bacteria;Firmicutes;Clostridia;Clostridiales;Ruminococcaceae;Negativibacillus,0,0,0,0,0,0,0,0,0,0,0,0,0,0,0,0,0,0,0,0,0,0,0,0,0,0,0,0,0,0,0,0,0,0,0,0
Bacteria;Firmicutes;Clostridia;Clostridiales;Ruminococcaceae;Subdoligranulum,0,0,0,0,10,0,7,0,0,4,0,0,0,0,0,0,0,0,0,0,0,0,0,0,0,0,0,0,2,2,0,3,0,4,0,0
Bacteria;Firmicutes;Clostridia;Clostridiales;Ruminococcaceae;Ruminococcaceae_UCG-005,0,67,47,49,65,77,19,5,0,10,0,299,10,0,34,0,30,18,186,261,146,91,92,0,13,19,6,555,534,7,220,136,142,64,131,303
Bacteria;Tenericutes;Mollicutes;Entomoplasmatales;Entomoplasmataceae;NA,0,0,0,0,0,0,0,0,0,0,0,0,0,0,0,0,0,0,0,0,0,0,0,0,0,0,0,0,0,0,0,0,0,0,0,0
Bacteria;Planctomycetes;Planctomycetacia;Pirellulales;Pirellulaceae;Pirellula,0,0,0,0,0,0,0,0,0,0,0,0,0,0,0,0,0,0,0,0,0,0,0,0,0,0,0,0,0,0,0,0,0,0,0,0
Bacteria;Acidobacteria;Holophagae;Subgroup_7;NA;NA,0,0,0,0,0,0,0,0,0,0,0,0,0,0,0,0,0,0,0,0,0,0,0,0,0,0,0,0,0,0,0,0,0,0,0,0
Bacteria;Proteobacteria;Gammaproteobacteria;Betaproteobacteriales;Burkholderiaceae;Oxalobacter,0,0,0,0,0,0,0,0,0,0,0,0,0,0,0,0,0,0,0,0,0,0,0,0,0,0,0,0,0,0,0,0,0,0,0,0
Bacteria;Proteobacteria;Alphaproteobacteria;Caulobacterales;Hyphomonadaceae;Hirschia,0,0,0,0,0,0,0,0,0,0,0,0,0,0,0,0,0,0,0,0,0,0,0,0,0,0,0,0,0,0,0,0,0,0,0,0
Bacteria;Cyanobacteria;Melainabacteria;Gastranaerophilales;NA;NA,0,0,0,0,0,0,0,0,0,0,0,0,0,0,0,0,0,0,0,0,0,0,0,0,0,0,0,0,0,0,0,0,0,0,0,0
Bacteria;Actinobacteria;Coriobacteriia;Coriobacteriales;Eggerthellaceae;Senegalimassilia,0,0,0,0,0,0,0,0,0,0,0,0,0,0,0,0,0,0,0,0,0,0,0,0,0,0,0,0,0,0,0,0,0,0,0,0
Bacteria;Firmicutes;Clostridia;Clostridiales;NA;NA,0,0,0,0,0,0,0,0,0,0,0,0,0,0,0,0,0,0,0,0,0,0,0,0,0,0,0,0,0,0,3,0,0,0,0,9
